zone,dwelling_unit_type,number_of_persons,number_of_vehicles,licensed_drivers,fulltime_workers,partime_workers,work_at_home_persons,number_of_students,number_of_females,number_of_males,number_of_children,number_of_adults,daily_work_trips,daily_non_work_trips
29,2,3,1,3,1,1,0,1,2,1,0,0,2,9
6,2,2,1,2,2,0,0,0,1,1,0,0,3,7
11,2,1,0,0,0,0,0,0,1,0,0,1,0,0
14,2,1,0,1,0,1,0,1,1,0,0,0,0,3
24,2,2,0,0,0,0,0,2,1,1,0,0,0,4
29,2,3,2,3,3,0,0,0,1,2,0,0,5,3
9,2,1,0,1,0,0,0,1,1,0,0,0,0,2
28,2,3,2,1,2,0,0,0,1,2,1,0,2,5
10,2,1,0,1,0,0,0,0,1,0,0,1,0,4
16,2,1,0,0,0,0,0,0,0,1,0,1,0,2
8,2,1,0,0,0,0,0,0,1,0,0,1,0,0
10,2,1,0,1,1,0,0,0,0,1,0,0,1,1
38,1,2,1,1,1,1,0,1,0,2,0,0,1,3
8,2,1,0,0,0,1,0,1,0,1,0,0,0,1
401,2,1,0,1,1,0,0,0,0,1,0,0,1,3
7,2,2,0,2,1,0,0,1,1,1,0,0,0,5
5,2,1,1,1,0,0,0,0,1,0,0,0,0,2
10,1,2,0,1,0,0,0,1,1,1,0,0,0,2
8,2,1,1,1,1,0,0,0,0,1,0,0,1,1
412,2,1,1,1,1,0,0,0,1,0,0,0,0,2
2,2,1,0,1,0,1,0,1,1,0,0,0,1,1
10,2,2,1,1,2,0,0,0,1,1,0,0,0,2
11,2,2,0,1,1,0,0,0,1,1,0,0,0,2
37,2,2,2,2,2,0,0,0,0,2,0,0,2,2
1,2,1,0,1,1,0,0,0,1,0,0,0,0,0
29,1,3,1,1,2,0,0,0,1,2,0,1,2,2
9,2,2,1,0,2,0,0,0,1,1,0,2,4,3
29,2,2,0,1,2,0,0,0,0,2,0,0,1,3
8,2,2,0,2,1,0,0,1,2,0,0,0,0,2
401,2,2,1,2,0,2,0,0,1,1,0,0,0,4
8,2,1,0,0,0,0,0,0,1,0,0,0,0,0
34,2,4,0,0,1,0,1,1,2,2,2,0,0,2
14,1,3,5,3,3,0,0,0,1,2,0,0,1,3
3,2,1,0,0,0,0,0,0,1,0,0,1,0,2
7,2,1,1,1,1,0,0,0,0,1,0,0,1,2
19,2,2,0,2,1,0,0,1,0,2,0,0,1,6
14,2,1,0,1,1,0,0,0,0,1,0,0,1,1
24,2,1,0,0,0,0,0,0,1,0,0,1,0,0
412,2,2,1,2,1,0,0,0,1,1,0,0,0,0
24,2,1,0,0,0,0,0,0,1,0,0,0,0,0
9,2,1,1,1,1,0,0,0,0,1,0,0,1,3
7,2,2,1,2,2,0,0,0,0,2,0,0,2,3
10,2,1,1,1,1,0,0,0,0,1,0,0,2,2
2,2,2,2,2,2,0,0,0,1,1,0,0,2,2
2,2,1,1,1,1,0,0,0,0,1,0,0,0,3
3,2,1,0,0,0,0,0,0,0,1,0,1,0,3
401,2,1,0,1,1,0,0,0,0,1,0,0,0,2
19,2,4,2,2,2,0,0,2,1,3,2,0,1,5
3,2,2,1,1,1,0,0,1,2,0,0,0,1,3
7,2,2,2,2,2,0,0,0,1,1,0,0,1,5
2,2,1,0,1,1,0,0,0,1,0,0,0,1,0
9,2,1,0,0,0,1,0,0,1,0,0,0,1,2
21,2,1,1,1,1,0,0,0,1,0,0,0,1,1
9,2,1,0,1,1,0,0,0,1,0,0,0,1,1
9,2,1,0,1,1,0,0,0,0,1,0,0,1,1
9,2,1,0,0,1,0,0,0,0,1,0,0,1,3
19,2,4,1,2,2,0,0,0,2,2,1,0,1,9
36,2,1,1,1,1,0,0,0,0,1,0,0,1,3
18,2,2,1,1,1,0,0,0,1,1,0,0,1,1
17,2,1,0,0,0,0,0,0,1,0,0,1,0,0
24,2,1,0,0,0,0,0,0,1,0,0,1,0,0
20,2,2,1,2,1,0,1,0,1,1,0,0,1,3
20,1,3,0,1,0,0,0,0,3,0,0,0,0,0
7,2,2,1,2,0,0,0,0,1,1,0,0,0,0
32,2,4,1,1,2,1,0,2,0,4,0,0,0,5
20,2,1,1,0,0,0,0,0,0,1,0,1,0,2
24,2,2,0,1,1,0,1,0,0,2,0,0,1,1
2,2,1,0,0,0,1,0,1,0,0,0,0,0,2
24,2,1,0,0,0,0,0,0,0,1,0,1,0,0
7,2,1,1,1,1,0,0,0,0,1,0,0,1,1
1,1,5,1,2,2,0,1,1,2,3,2,0,2,2
2,2,1,0,1,0,0,1,0,0,1,0,0,1,1
9,2,1,0,0,1,0,0,0,1,0,0,0,1,1
28,2,2,0,2,2,0,0,0,1,1,0,0,0,0
6,2,2,1,2,2,0,0,0,0,2,0,0,2,2
7,2,1,1,1,1,0,0,0,1,0,0,0,1,1
10,2,2,0,0,0,2,0,2,1,1,0,0,0,6
2,2,1,0,1,1,0,0,0,0,1,0,0,1,1
2,2,1,1,1,0,0,1,0,0,1,0,0,0,9
12,2,1,0,0,1,0,0,0,0,1,0,0,0,0
29,2,1,1,1,1,0,0,0,0,1,0,0,1,5
29,1,4,1,1,2,0,0,2,3,1,2,1,1,5
16,1,5,0,0,0,0,0,0,5,0,0,5,0,0
401,2,1,0,1,1,0,0,0,0,1,0,0,5,1
23,2,5,2,2,0,0,0,2,2,3,3,0,0,4
23,1,2,2,2,1,0,0,0,1,1,0,0,1,1
23,2,3,1,1,3,0,0,0,3,0,0,1,1,1
9,2,1,1,1,1,0,0,0,1,0,0,0,0,3
28,2,2,2,2,2,0,0,0,1,1,0,0,2,2
5,2,4,1,2,2,0,0,2,1,3,2,0,2,8
10,2,2,0,1,1,0,0,1,1,1,0,0,1,7
7,2,1,0,1,1,0,0,0,0,1,0,0,1,6
37,2,4,1,1,1,0,1,0,2,2,1,1,1,1
20,1,1,2,1,1,0,0,0,0,1,0,0,2,2
28,2,1,0,1,1,0,0,0,1,0,0,0,1,2
7,2,2,0,1,2,0,0,0,0,2,0,0,2,4
2,2,1,0,1,0,0,0,0,0,1,0,1,0,0
9,2,2,0,1,2,0,0,0,2,0,0,0,2,2
401,2,1,0,1,1,0,0,0,0,1,0,0,1,2
2,1,2,0,2,1,0,0,0,0,2,0,0,1,1
8,1,2,2,2,2,0,0,0,1,1,0,0,2,6
16,2,2,0,2,1,0,1,0,1,1,0,0,1,1
3,2,1,1,0,1,0,0,0,1,0,0,0,1,1
21,1,5,1,2,1,0,0,1,3,2,3,0,1,7
36,2,1,1,1,0,1,0,0,1,0,0,0,0,2
24,2,1,0,1,0,0,0,0,0,1,0,0,0,0
3,1,4,1,1,0,0,0,3,3,1,3,0,0,7
7,2,1,0,0,1,0,0,0,1,0,0,0,1,1
9,2,2,1,2,1,0,0,1,1,1,0,0,1,3
21,1,2,1,1,1,0,1,0,1,1,0,0,0,10
9,2,3,0,1,2,0,0,1,1,2,0,0,1,6
7,2,3,3,2,1,0,0,0,1,2,0,1,0,11
401,2,2,1,2,2,0,0,0,2,0,0,0,1,3
7,2,2,0,2,0,0,0,0,1,1,0,0,0,2
25,2,4,0,0,3,0,0,1,2,2,1,0,3,3
19,2,3,1,1,3,0,0,0,1,2,0,0,1,1
21,1,2,1,1,1,0,0,1,2,0,0,0,1,2
3,2,1,0,0,1,0,0,0,0,1,0,0,1,3
2,2,1,0,0,1,0,0,0,0,1,0,0,1,3
2,2,2,0,0,2,0,0,0,1,1,0,0,6,2
20,2,1,0,1,1,0,0,0,1,0,0,0,1,3
5,1,1,0,1,1,0,0,0,1,0,0,0,0,1
9,2,1,0,1,1,0,0,0,0,1,0,0,1,1
19,1,1,1,1,1,0,0,0,0,1,0,0,0,5
20,2,1,1,1,1,0,0,0,0,1,0,0,0,0
401,2,2,0,0,1,1,0,0,1,1,0,0,2,2
10,2,3,0,0,2,0,0,1,1,2,1,0,0,0
7,1,1,0,0,1,0,0,0,0,1,0,0,0,0
8,2,1,0,1,0,0,0,0,0,1,0,0,0,0
1,2,1,0,1,1,0,0,0,0,1,0,0,1,1
20,1,4,1,1,2,0,0,0,3,1,2,0,0,6
7,2,1,1,1,1,0,0,0,0,1,0,0,1,1
14,2,1,1,1,0,1,0,0,0,1,0,0,0,0
24,2,1,0,0,0,0,0,0,1,0,0,0,0,0
38,2,1,0,0,0,0,0,1,1,0,0,0,0,0
7,2,1,0,1,1,0,0,0,0,1,0,0,1,1
401,2,1,0,0,1,0,0,0,1,0,0,0,0,2
7,2,2,0,0,2,0,0,0,1,1,0,0,2,6
22,2,1,0,0,0,0,0,0,1,0,0,1,0,3
9,2,1,1,1,1,0,0,0,0,1,0,0,1,1
18,2,1,0,1,1,0,0,0,1,0,0,0,1,1
401,2,1,3,1,0,0,1,0,0,1,0,1,1,2
11,2,1,0,0,0,0,0,0,1,0,0,1,0,2
24,2,2,1,2,2,0,0,0,1,1,0,0,1,1
12,2,1,1,1,0,0,0,0,1,0,0,0,0,0
20,2,1,0,0,0,0,0,0,0,1,0,0,0,0
29,2,2,1,2,2,0,0,0,1,1,0,0,2,2
401,2,1,0,1,1,0,0,0,1,0,0,0,1,1
24,2,3,2,2,2,0,0,1,2,1,1,0,3,4
29,2,1,1,1,1,0,0,0,1,0,0,0,1,1
1,2,2,1,1,1,0,0,0,1,1,1,0,1,1
38,2,2,1,2,1,0,0,0,1,1,0,0,1,3
401,2,1,0,1,1,0,0,0,0,1,0,0,2,3
24,2,1,1,1,1,0,0,0,0,1,0,0,0,2
36,2,3,2,2,1,0,1,0,1,2,1,0,6,3
401,2,1,1,1,1,0,0,0,0,1,0,1,0,2
21,1,2,1,1,0,1,0,0,1,1,0,1,1,1
21,1,3,2,3,2,0,0,1,0,3,0,0,2,4
6,1,6,2,2,2,0,0,2,2,4,2,2,0,6
6,1,2,2,1,1,0,0,0,1,1,0,1,0,3
1,1,2,1,2,0,0,0,2,1,1,0,0,0,6
10,2,2,1,2,0,2,0,2,1,1,0,0,1,1
9,2,1,1,1,1,0,0,0,1,0,0,0,1,2
7,2,3,2,2,2,0,0,0,1,2,1,0,2,4
28,2,2,1,1,1,1,0,0,1,1,0,0,2,4
19,2,2,0,2,1,0,0,1,1,1,0,0,1,5
28,2,2,1,2,1,1,0,0,1,1,0,1,1,1
7,2,1,0,1,1,0,0,0,0,1,0,0,1,3
9,2,1,1,1,1,0,0,0,1,0,0,0,1,1
9,2,1,0,0,0,1,0,0,1,0,0,0,0,0
7,2,1,1,1,1,0,0,0,0,1,0,0,1,2
3,2,1,1,1,1,0,0,0,0,1,0,0,1,3
21,2,2,1,1,1,0,0,1,2,0,0,0,0,2
7,2,1,1,1,1,0,0,0,0,1,0,0,1,1
7,2,1,0,1,1,0,0,0,1,0,0,0,0,1
16,1,1,0,0,1,0,0,0,1,0,0,0,0,0
7,2,2,0,0,1,1,0,0,1,1,0,0,1,1
14,1,5,1,2,1,1,0,1,2,3,3,0,2,4
7,2,2,1,2,1,0,0,0,1,1,0,0,1,5
2,2,2,0,2,2,0,0,0,0,2,0,0,2,3
29,2,1,0,0,0,0,0,0,1,0,0,1,0,0
2,2,1,1,1,1,0,0,0,0,1,0,0,1,1
1,2,2,0,1,1,1,0,1,0,2,0,0,0,4
5,2,1,1,1,0,0,0,0,0,1,0,1,0,0
22,2,1,0,0,0,0,0,0,1,0,0,0,0,0
29,1,4,0,0,0,0,0,0,1,3,0,1,0,0
6,1,1,1,1,1,0,0,0,1,0,0,0,1,2
6,1,5,1,2,1,1,0,2,2,3,2,0,0,9
9,2,2,0,1,2,0,0,0,0,2,0,0,0,0
25,2,1,0,0,0,0,0,0,1,0,0,0,0,0
20,2,3,0,1,1,0,1,0,2,1,1,0,1,1
401,2,2,1,2,0,0,1,1,1,1,0,0,0,3
409,2,2,1,2,0,0,0,0,1,1,0,2,0,6
19,2,1,0,1,0,0,0,1,1,0,0,0,0,4
2,2,2,0,0,1,0,0,0,1,1,0,1,1,1
402,1,1,1,1,1,0,0,0,0,1,0,0,1,3
1,1,2,0,1,1,0,0,1,1,1,1,0,1,6
3,2,1,1,1,1,0,0,0,1,0,0,0,0,0
3,2,1,0,1,1,0,0,0,1,0,0,0,1,1
9,2,1,0,1,0,1,0,0,0,1,0,0,1,1
19,2,2,1,1,1,0,0,1,0,2,1,0,1,7
19,2,2,1,2,2,0,0,0,1,1,0,0,1,1
10,2,2,0,1,1,1,0,1,1,1,0,0,2,2
21,1,2,1,2,2,0,0,0,1,1,0,0,0,4
2,2,1,0,1,1,0,0,0,1,0,0,0,1,5
3,2,1,0,0,0,0,0,0,1,0,0,1,0,2
401,2,1,1,1,0,0,0,0,1,0,0,1,0,4
36,2,2,1,2,2,0,0,0,1,1,0,0,2,3
18,2,1,1,1,1,0,0,0,0,1,0,0,0,0
9,2,1,0,0,0,0,0,1,1,0,0,0,0,2
9,2,2,0,0,1,0,0,0,0,2,0,0,1,1
7,2,2,0,2,2,0,0,0,1,1,0,0,2,2
29,2,1,0,0,0,0,0,0,1,0,0,1,0,0
25,2,2,0,0,2,0,0,0,1,1,0,0,3,2
6,1,2,1,2,2,0,0,0,1,1,0,0,0,4
11,2,1,0,0,0,0,0,0,1,0,0,0,0,0
2,1,2,2,2,2,0,0,0,1,1,0,0,2,3
28,2,1,0,1,1,0,0,0,0,1,0,0,2,2
3,2,1,0,0,0,0,0,0,1,0,0,1,0,0
2,2,1,0,0,1,0,0,0,1,0,0,0,0,0
14,2,2,1,2,1,0,0,0,1,1,0,0,1,1
7,2,2,0,1,2,0,0,0,1,1,0,0,2,2
3,2,2,1,1,2,0,0,0,1,1,0,0,2,5
23,2,1,0,1,0,0,0,0,1,0,0,0,0,0
7,2,1,0,0,0,0,0,0,1,0,0,1,0,0
1,2,2,1,2,2,0,0,0,1,1,0,0,2,2
17,2,1,0,1,1,0,0,0,1,0,0,0,1,1
13,2,1,0,0,0,0,0,0,1,0,0,0,0,0
31,2,1,0,0,0,0,0,1,1,0,0,0,0,2
7,2,4,1,1,2,0,0,0,2,2,0,0,2,1
21,1,2,0,1,0,0,0,0,1,1,0,2,0,0
1,2,2,2,2,2,0,0,0,1,1,0,0,2,2
9,2,2,0,2,2,0,0,0,0,2,0,0,2,0
10,2,2,0,0,2,0,0,0,1,1,0,0,2,4
19,1,3,1,2,1,0,0,0,2,1,1,0,0,5
24,2,1,0,0,0,0,0,0,1,0,0,0,0,0
29,2,2,0,0,1,0,0,1,2,0,0,0,1,3
8,2,1,0,1,0,0,1,0,1,0,0,0,0,0
8,2,1,1,0,1,0,0,0,1,0,0,0,0,1
9,2,1,0,0,1,0,0,0,0,1,0,0,1,1
2,2,1,0,1,1,0,0,0,1,0,0,0,1,1
2,2,1,0,0,0,0,0,1,1,0,0,0,0,3
405,2,1,0,1,1,0,0,0,1,0,0,0,0,0
7,2,2,1,1,1,0,0,0,0,2,0,0,1,3
2,2,1,1,1,1,0,0,0,0,1,0,0,2,4
9,2,1,1,0,1,0,0,0,0,1,0,0,1,1
25,2,1,0,1,1,0,0,0,0,1,0,0,1,3
20,2,1,0,1,1,0,0,0,0,1,0,0,1,3
2,2,1,1,1,1,0,0,0,0,1,0,0,1,1
20,2,1,0,1,0,0,1,0,0,1,0,0,0,0
1,1,3,2,2,0,0,0,0,1,2,0,3,0,0
36,2,1,0,0,1,0,0,0,0,1,0,0,3,1
412,2,3,2,2,1,1,0,1,1,2,0,0,1,5
3,2,1,0,0,0,0,0,0,1,0,0,1,0,1
19,2,2,0,1,2,0,0,0,2,0,0,0,4,4
7,2,1,0,1,1,0,0,0,0,1,0,0,1,1
2,2,1,1,1,1,0,0,0,1,0,0,0,0,0
9,2,1,1,1,1,0,0,0,0,1,0,0,1,1
10,2,2,1,2,1,0,0,1,1,1,0,0,0,8
13,2,1,1,1,1,0,0,0,0,1,0,0,1,9
13,2,1,0,1,1,0,0,0,1,0,0,0,1,1
6,1,2,1,2,1,1,0,0,1,1,0,0,2,2
3,2,1,0,1,1,0,0,0,0,1,0,0,1,0
1,1,2,2,2,2,0,0,0,1,1,0,0,2,4
17,2,1,0,0,0,0,0,0,1,0,0,1,0,0
6,2,2,1,1,2,0,0,0,1,1,0,0,1,8
29,1,1,0,0,0,0,0,0,0,1,0,0,0,0
15,1,5,0,1,4,0,0,1,2,3,0,0,3,5
8,2,2,2,2,2,0,0,0,1,1,0,0,2,3
14,2,1,1,1,1,0,0,0,0,1,0,0,1,1
21,1,2,1,1,0,1,0,0,1,1,0,1,0,7
7,2,2,0,0,2,0,0,1,1,1,0,0,3,5
412,2,1,0,1,1,0,0,0,1,0,0,0,1,1
29,2,1,0,1,0,1,0,1,0,1,0,0,0,2
9,2,2,1,2,1,0,0,0,0,2,0,0,1,1
1,2,1,0,0,1,0,0,0,0,1,0,0,1,1
9,1,2,1,1,2,0,0,0,1,1,0,0,2,4
7,2,1,0,1,1,0,0,0,0,1,0,0,1,1
9,2,1,0,0,1,0,0,0,1,0,0,0,2,1
7,2,1,0,1,0,0,0,0,1,0,0,0,0,0
23,2,1,0,1,0,0,0,0,0,1,0,0,0,0
9,2,1,0,0,1,0,0,0,1,0,0,0,1,1
3,2,1,1,1,1,0,0,0,0,1,0,0,1,1
7,2,1,0,1,0,1,0,0,1,0,0,0,1,1
401,2,1,1,1,1,0,0,0,1,0,0,0,1,1
3,2,1,1,1,0,0,0,1,1,0,0,0,0,2
9,2,2,1,2,2,0,0,0,1,1,0,0,4,4
2,2,1,1,1,1,0,0,0,1,0,0,0,1,3
20,2,2,0,2,2,0,0,0,0,2,0,0,2,2
16,2,2,1,2,0,0,0,2,1,1,0,0,0,8
9,2,1,1,1,1,0,0,0,0,1,0,0,1,1
29,1,5,0,0,1,0,0,0,3,2,0,0,1,3
2,2,1,0,0,0,1,0,0,0,1,0,0,0,3
14,2,1,0,0,1,0,0,0,0,1,0,0,0,3
29,2,1,0,0,0,0,0,0,0,1,0,1,0,1
9,2,1,0,0,1,0,0,0,0,1,0,0,1,1
19,1,1,0,1,0,0,0,0,1,0,0,1,0,0
17,2,1,0,1,0,0,0,1,0,1,0,0,0,4
7,2,3,1,1,1,1,0,0,1,2,1,0,1,7
4,2,1,1,1,1,0,0,0,1,0,0,0,1,3
9,2,1,1,1,1,0,0,0,1,0,0,0,0,0
36,2,3,0,2,2,0,0,1,1,2,1,0,2,4
6,1,3,1,1,2,0,0,1,2,1,1,0,2,5
22,1,1,0,0,0,0,0,0,1,0,0,1,0,0
28,2,1,0,1,1,0,0,0,1,0,0,0,2,1
24,2,2,0,0,0,1,0,1,1,1,1,0,1,2
38,2,2,1,2,2,0,0,0,1,1,0,0,2,2
9,2,2,0,2,1,1,0,0,0,2,0,0,2,2
2,2,3,1,3,2,0,0,0,2,1,0,0,1,1
2,2,1,0,1,1,0,0,0,1,0,0,0,1,1
24,2,1,0,0,1,0,0,0,0,1,0,0,1,1
20,2,4,1,3,2,0,0,0,1,3,0,0,0,8
1,2,2,1,1,1,1,0,0,1,1,0,0,0,4
7,2,1,0,0,1,0,0,0,1,0,0,0,1,3
5,2,2,1,1,1,0,0,0,1,1,0,0,1,1
9,2,1,1,1,1,0,0,0,0,1,0,0,2,5
10,2,2,2,2,2,0,0,0,1,1,0,0,2,4
13,1,2,1,1,1,1,0,0,1,1,0,0,2,8
31,2,2,1,2,2,0,0,0,1,1,0,0,3,3
2,1,2,0,1,0,0,0,2,1,1,0,0,0,0
29,2,1,0,0,1,0,0,0,1,0,0,0,1,1
28,2,4,1,3,2,0,0,0,2,2,0,1,3,3
9,2,1,1,1,1,0,0,0,0,1,0,0,1,1
1,2,2,0,0,1,0,0,1,1,1,1,0,1,3
19,2,2,1,1,2,0,0,1,1,1,0,0,2,4
401,2,1,0,1,1,0,0,0,1,0,0,0,1,1
36,2,2,2,2,1,0,0,0,1,1,0,0,1,5
28,2,2,0,1,1,0,0,1,1,1,0,0,1,3
7,2,1,0,1,0,1,0,0,1,0,0,0,1,1
20,1,2,2,2,2,0,0,0,1,1,0,0,2,5
404,2,2,2,2,2,0,0,0,0,2,0,0,1,1
16,2,1,0,1,0,1,0,0,1,0,0,0,0,2
5,2,2,1,2,1,0,0,0,1,1,0,0,1,1
401,2,2,0,2,1,1,0,0,2,0,0,0,2,2
20,1,1,1,1,1,0,0,0,1,0,0,0,0,0
29,2,1,1,1,1,0,0,0,0,1,0,0,1,1
7,2,2,1,1,1,0,0,0,1,1,0,0,1,1
6,1,1,1,1,1,0,0,0,1,0,0,0,1,1
11,2,1,0,1,1,0,0,0,0,1,0,0,1,1
401,2,2,2,2,2,0,0,0,1,1,0,0,2,2
401,2,2,0,2,2,0,0,0,0,2,0,0,2,2
9,2,2,1,1,1,0,0,0,1,1,0,2,1,3
9,2,1,1,1,1,0,0,0,0,1,0,0,1,2
16,2,1,0,1,0,1,0,0,1,0,0,0,0,2
7,2,3,0,0,1,0,0,0,2,1,0,1,0,4
7,2,1,0,1,0,1,0,1,1,0,0,0,0,2
2,2,1,0,1,0,0,0,0,0,1,0,0,0,2
7,2,1,1,1,1,0,0,0,0,1,0,0,1,3
10,2,3,1,1,0,0,0,1,1,2,1,0,0,2
28,2,2,1,1,2,0,0,0,1,1,0,0,2,2
9,2,1,1,1,0,0,0,0,0,1,0,0,0,2
14,2,2,0,0,0,0,0,1,1,1,0,0,0,5
9,2,2,2,2,2,0,0,2,1,1,0,0,3,6
401,2,2,1,1,0,0,0,0,1,1,0,2,0,0
7,2,1,1,1,1,0,0,0,1,0,0,0,1,1
13,1,2,1,2,1,0,0,1,1,1,0,0,1,5
7,2,1,0,0,1,0,0,0,1,0,0,0,1,1
20,2,3,0,0,1,0,0,1,1,2,1,1,1,2
9,2,2,1,1,1,1,0,0,1,1,0,0,1,3
8,2,2,1,1,2,0,0,0,1,1,0,0,2,2
7,2,1,0,1,0,0,0,0,0,1,0,1,0,1
28,2,2,0,0,2,0,0,0,1,1,0,0,1,1
6,2,1,1,1,1,0,0,0,0,1,0,0,0,0
1,2,1,1,0,0,0,0,0,0,1,0,0,0,0
20,2,1,0,1,0,0,0,0,1,0,0,0,0,2
401,2,1,0,0,1,0,0,0,0,1,0,0,1,2
14,1,4,3,3,2,0,0,1,1,3,1,0,2,4
19,1,2,1,2,1,1,0,0,1,1,0,0,1,3
24,1,3,0,2,1,1,0,0,1,2,1,0,2,2
401,2,2,1,2,2,0,0,0,0,2,0,0,2,1
7,2,3,1,1,2,0,0,1,2,1,0,0,2,3
3,2,1,0,0,0,0,0,0,1,0,0,1,0,2
29,1,1,0,0,0,0,0,0,0,1,0,1,0,0
1,1,1,1,1,0,0,0,0,0,1,0,1,0,0
401,2,2,0,0,2,0,0,0,2,0,0,0,3,2
9,2,1,0,1,1,0,0,0,0,1,0,0,0,0
1,2,1,0,1,0,0,1,0,1,0,0,0,0,2
24,2,1,0,0,0,0,0,0,0,1,0,0,0,0
28,2,1,0,0,1,0,0,0,0,1,0,0,2,0
7,2,4,1,1,2,1,0,1,2,2,0,0,1,4
401,2,2,1,2,2,0,0,0,1,1,0,0,2,4
10,2,2,0,1,0,2,0,0,1,1,0,0,2,2
412,2,1,1,1,1,0,0,0,0,1,0,0,1,1
1,1,1,1,1,0,0,0,0,0,1,0,0,0,2
7,2,1,0,1,0,1,0,1,0,1,0,0,0,0
16,2,1,0,1,1,0,0,0,1,0,0,0,1,1
20,2,1,0,1,0,0,0,0,0,1,0,1,0,0
2,2,1,1,1,1,0,0,0,0,1,0,0,1,3
10,2,2,2,2,1,1,0,0,1,1,0,0,2,6
20,1,5,1,1,2,0,0,3,2,3,3,0,1,9
2,2,4,1,1,2,0,0,0,2,2,2,0,1,1
7,2,2,1,2,1,0,0,0,1,1,0,0,1,3
2,2,2,1,2,2,0,0,0,1,1,0,0,2,6
28,1,4,1,2,1,0,0,0,2,2,1,1,0,0
5,2,2,3,1,2,0,0,0,1,1,0,0,2,4
3,2,2,2,2,2,0,0,0,1,1,0,0,2,4
401,2,1,0,1,0,1,0,0,1,0,0,0,1,1
21,1,1,0,1,1,0,0,0,1,0,0,0,1,1
9,1,2,1,1,2,0,0,0,1,1,0,0,1,4
28,2,5,0,0,1,2,0,1,3,2,0,0,3,5
9,2,1,1,1,1,0,0,0,1,0,0,0,1,3
3,2,1,1,1,1,0,0,0,0,1,0,0,1,3
21,2,2,1,1,0,1,0,0,1,1,1,1,1,1
15,1,7,1,3,4,1,0,2,2,5,0,1,3,7
5,2,2,1,2,2,0,0,0,1,1,0,0,2,3
7,2,1,0,1,0,0,0,0,0,1,0,1,0,0
2,2,1,1,1,0,0,0,0,1,0,0,0,0,2
19,2,1,0,0,1,0,0,0,1,0,0,0,2,2
16,2,2,1,1,1,0,0,1,1,1,0,0,1,3
9,2,1,0,1,0,0,0,0,0,1,0,0,0,1
4,2,2,1,2,2,0,0,0,1,1,0,0,2,2
2,2,1,0,1,1,0,0,0,1,0,0,0,1,2
412,2,2,1,2,1,0,0,0,1,1,0,0,0,2
401,2,2,1,1,2,0,0,0,1,1,0,0,2,2
8,2,2,0,0,0,0,0,0,1,1,0,2,0,2
29,2,1,0,0,0,0,0,0,1,0,0,1,0,0
2,2,2,2,2,2,0,0,0,0,2,0,0,2,4
6,1,3,1,2,1,1,0,0,2,1,1,0,1,4
3,2,1,1,1,1,0,0,0,0,1,0,0,1,3
7,2,4,0,1,2,1,0,1,3,1,0,0,3,7
36,2,1,2,1,0,0,1,0,0,1,0,0,0,3
18,2,2,0,2,2,0,0,0,1,1,0,0,2,2
28,1,2,0,2,0,0,0,0,1,1,0,2,0,0
3,2,1,1,0,1,0,0,0,1,0,0,0,1,1
6,1,3,2,3,3,0,0,0,1,2,0,0,4,3
29,2,5,2,3,4,1,0,1,2,3,0,0,3,4
17,2,1,0,1,1,0,0,0,1,0,0,0,1,1
7,2,1,0,1,1,0,0,0,0,1,0,0,1,1
7,2,2,2,2,1,1,0,0,1,1,0,0,1,4
9,2,1,1,1,1,0,0,0,1,0,0,0,1,1
9,2,1,1,1,0,1,0,0,1,0,0,0,1,1
409,2,2,2,2,1,0,0,0,1,1,0,0,1,5
28,2,1,1,1,1,0,0,0,0,1,0,0,1,1
20,2,1,0,1,1,0,0,0,1,0,0,0,1,2
9,2,2,0,1,2,0,0,0,0,2,0,0,2,4
20,2,3,1,1,1,0,0,1,1,2,1,1,1,3
1,2,2,0,2,0,0,0,2,1,1,0,0,0,4
24,2,1,0,0,0,0,0,0,0,1,0,1,0,0
7,2,2,0,2,1,1,0,0,2,0,0,0,2,3
24,2,1,0,0,0,0,0,0,0,1,0,1,0,0
29,2,2,0,1,1,1,0,1,1,1,0,0,2,2
401,2,1,0,1,0,0,0,1,0,1,0,0,0,4
28,2,3,0,0,2,1,0,1,1,2,0,0,1,5
3,2,1,1,1,0,0,0,1,0,1,0,0,0,11
401,2,2,0,2,2,0,0,0,0,2,0,0,2,2
31,2,2,1,2,0,2,0,2,0,2,0,0,1,4
10,2,4,0,0,1,0,0,0,2,2,1,1,1,1
7,2,4,0,0,2,0,0,1,2,2,1,0,2,4
10,2,1,1,1,1,0,0,0,1,0,0,0,0,2
10,1,1,0,1,1,0,0,0,1,0,0,1,1,2
6,1,3,3,3,2,0,0,1,0,3,0,0,1,1
7,2,1,1,1,1,0,0,0,0,1,0,0,3,4
2,2,2,2,2,2,0,0,0,1,1,0,0,1,3
7,1,4,0,0,1,1,0,2,2,2,0,0,2,2
2,2,1,1,1,0,0,1,0,0,1,0,0,0,2
7,2,5,0,0,0,0,0,4,4,1,2,0,0,8
29,2,2,0,0,1,1,0,0,2,0,0,0,1,3
2,2,1,1,1,1,0,0,0,1,0,0,0,1,3
6,2,1,0,1,1,0,0,0,1,0,0,0,0,4
2,2,1,0,0,1,0,0,0,1,0,0,0,2,6
8,2,1,1,1,0,0,0,0,0,1,0,0,0,2
9,2,2,1,2,2,0,0,0,1,1,0,0,4,4
10,2,1,0,0,1,0,0,0,1,0,0,0,1,1
2,1,1,1,1,1,0,0,0,0,1,0,0,1,1
14,1,2,1,2,1,0,0,0,1,1,0,0,1,2
20,2,2,0,1,2,0,0,0,1,1,0,0,2,2
1,2,1,1,1,1,0,0,0,0,1,0,0,1,2
29,2,2,1,1,2,0,0,1,1,1,0,0,2,5
13,2,2,1,2,1,0,0,1,2,0,0,0,1,5
29,2,2,0,1,1,0,0,1,1,1,0,0,1,1
28,1,2,2,2,2,0,0,0,1,1,0,0,4,6
2,2,2,0,1,2,0,0,0,1,1,0,0,2,6
23,1,1,1,1,1,0,0,0,0,1,0,0,1,1
7,2,2,0,1,2,0,0,0,2,0,0,0,1,1
13,2,2,0,0,2,0,0,0,1,1,0,0,3,4
20,2,1,0,1,1,0,0,1,1,0,0,0,1,2
409,1,2,2,2,2,0,0,0,1,1,0,0,2,2
21,1,1,1,1,1,0,0,0,1,0,0,0,2,4
10,2,1,1,1,0,0,1,0,0,1,0,0,3,2
2,2,2,1,2,1,0,0,1,1,1,0,0,1,8
401,2,1,1,1,1,0,0,0,0,1,0,0,1,7
1,2,1,0,0,0,0,0,1,1,0,0,0,0,2
3,2,1,1,1,0,0,0,0,1,0,0,0,0,2
23,2,1,0,1,0,0,0,0,0,1,0,0,0,2
401,2,1,0,0,0,0,0,1,1,0,0,0,0,1
7,2,2,1,2,2,0,0,0,0,2,0,0,2,4
24,2,1,0,1,0,0,0,0,0,1,0,0,0,0
16,2,2,0,2,2,0,0,0,1,1,0,0,1,1
401,2,1,0,0,1,0,0,0,1,0,0,0,1,1
2,2,1,1,1,0,1,0,0,0,1,0,0,1,5
7,2,2,0,0,2,0,0,0,2,0,0,0,1,3
412,2,3,1,2,3,0,0,0,3,0,0,0,3,7
7,2,1,1,1,1,0,0,0,1,0,0,0,3,6
7,2,2,1,2,2,0,0,0,1,1,0,0,2,6
1,2,1,0,1,1,0,0,0,1,0,0,0,1,1
24,2,3,0,0,0,0,0,0,3,0,2,0,0,0
29,2,1,0,0,0,0,0,0,1,0,0,1,0,0
19,1,2,1,1,2,0,0,0,1,1,0,1,2,2
1,2,2,1,2,2,0,0,0,1,1,0,0,3,3
401,2,1,0,0,0,1,0,0,0,1,0,1,0,0
16,1,2,1,1,1,1,0,0,2,0,0,0,1,1
401,2,2,2,2,1,1,0,0,1,1,0,0,1,3
13,1,6,2,1,2,2,0,2,5,1,2,0,3,10
14,2,4,1,2,2,0,0,2,1,3,2,0,3,13
405,1,4,2,2,1,0,1,2,2,2,2,0,1,11
14,1,3,1,3,3,0,0,0,1,2,0,0,3,9
9,2,3,2,3,2,0,0,1,2,1,0,0,2,10
3,1,3,2,2,2,0,0,1,1,2,1,0,0,0
22,2,1,0,1,1,0,0,0,0,1,0,0,1,0
16,2,1,0,0,0,0,0,0,1,0,0,0,0,0
15,1,3,2,3,2,0,0,1,1,2,0,0,2,4
9,2,1,0,1,1,0,0,0,0,1,0,0,1,3
10,2,2,0,0,0,0,0,0,1,1,0,1,0,4
29,1,6,1,2,1,0,0,4,4,2,2,0,1,9
24,2,1,0,0,0,0,0,0,1,0,0,1,0,0
37,2,1,0,0,0,0,0,0,1,0,0,1,0,2
9,2,1,0,0,1,0,0,0,0,1,0,0,1,0
10,2,2,0,0,1,0,0,0,1,1,0,0,1,3
19,2,2,1,2,2,0,0,0,0,2,0,0,3,4
7,2,3,2,2,2,0,0,0,2,1,0,0,2,2
409,2,6,1,2,1,0,0,2,4,2,4,0,1,5
9,2,1,1,1,0,0,0,0,0,1,0,0,0,0
1,1,2,1,2,2,0,0,0,1,1,0,0,3,3
11,2,2,0,2,0,0,0,0,1,1,0,1,0,2
22,2,1,0,0,0,0,0,0,1,0,0,1,0,0
19,1,3,2,3,1,0,0,1,1,2,0,0,3,5
24,2,2,0,2,2,0,0,0,0,2,0,0,2,2
21,1,4,2,2,0,0,2,2,3,1,2,0,1,5
1,2,2,1,2,2,0,0,0,1,1,0,0,1,3
24,2,1,1,1,1,0,0,0,0,1,0,0,1,1
3,1,2,1,2,2,0,0,0,1,1,0,0,2,2
21,2,1,0,0,1,0,0,0,1,0,0,0,1,1
16,1,6,3,3,3,0,0,1,3,3,0,0,3,5
412,2,1,1,1,1,0,0,0,0,1,0,0,0,2
401,2,1,0,1,1,0,0,0,0,1,0,0,1,1
7,1,4,1,2,1,0,0,0,2,2,2,0,1,4
21,1,2,1,2,1,1,0,1,0,2,0,0,0,3
8,2,1,0,0,0,0,0,0,1,0,0,1,0,3
11,2,3,1,3,2,0,1,0,1,2,0,0,1,3
2,2,1,1,1,1,0,0,0,0,1,0,0,1,1
24,2,2,1,2,2,0,0,0,1,1,0,0,2,2
28,1,5,1,1,2,0,0,0,2,3,1,1,1,3
25,2,2,2,2,2,0,0,0,1,1,0,0,2,2
9,2,3,0,1,3,0,0,0,1,2,0,0,2,2
9,2,1,0,1,0,0,0,1,1,0,0,0,0,2
409,2,1,1,1,1,0,0,0,0,1,0,0,1,1
24,2,1,0,0,0,0,0,0,1,0,0,1,0,2
23,1,3,1,1,3,0,0,0,0,3,0,2,1,1
28,2,1,0,1,1,0,0,0,1,0,0,0,0,1
21,1,3,1,2,1,1,0,0,1,2,1,0,5,3
16,1,2,0,0,0,0,0,0,1,1,0,2,0,2
401,2,2,2,2,2,0,0,0,0,2,0,0,2,2
7,2,1,0,0,1,0,0,0,1,0,0,0,1,1
6,1,3,2,3,2,1,0,1,2,1,0,0,0,2
3,2,2,0,2,1,1,0,0,1,1,0,1,1,3
9,2,1,0,1,1,0,0,0,0,1,0,0,1,1
9,1,2,1,1,1,0,0,1,1,1,0,0,1,3
8,2,1,0,1,1,0,0,0,1,0,0,0,1,3
21,1,4,1,2,1,0,0,2,3,1,2,0,1,7
28,2,1,0,0,1,0,0,0,1,0,0,0,1,1
37,2,1,1,1,1,0,0,0,0,1,0,0,1,1
11,2,1,0,1,1,0,0,0,0,1,0,0,1,1
12,1,4,1,1,0,0,1,1,1,3,1,1,1,2
401,2,1,1,1,1,0,0,0,0,1,0,0,0,0
7,2,2,1,2,2,0,0,0,1,1,0,0,2,2
7,2,4,1,2,1,1,0,2,2,2,0,0,2,4
7,2,2,1,1,2,0,0,0,1,1,0,0,2,2
39,2,2,1,2,1,0,0,0,1,1,0,0,0,2
8,2,1,0,1,1,0,0,0,1,0,0,0,1,1
1,1,2,2,2,1,1,0,0,1,1,0,0,3,4
6,2,2,0,2,2,0,0,0,0,2,0,0,2,1
410,1,3,3,3,3,0,0,0,0,3,0,0,0,0
36,1,2,1,2,2,0,0,0,1,1,0,0,2,2
401,2,1,0,0,1,0,0,0,0,1,0,0,1,1
7,2,1,0,1,1,0,0,0,0,1,0,0,1,0
29,2,1,1,1,1,0,0,0,1,0,0,0,0,2
23,1,4,0,2,2,0,0,0,3,1,0,1,2,4
401,2,3,0,0,0,0,0,0,3,0,0,2,0,2
24,2,3,0,3,1,1,0,2,3,0,0,0,3,6
19,2,1,0,1,1,0,0,0,1,0,0,0,1,1
2,2,1,0,0,0,0,0,0,1,0,0,1,0,0
21,1,3,2,2,3,0,0,0,1,2,0,3,3,6
7,2,1,1,1,1,0,0,0,0,1,0,0,1,1
7,2,1,0,1,1,0,0,0,0,1,0,0,1,1
2,2,1,1,1,0,0,0,1,1,0,0,1,0,2
9,2,1,1,1,1,0,0,0,0,1,0,0,1,1
21,1,2,2,2,2,0,0,0,1,1,0,0,2,2
19,1,2,1,2,2,0,0,0,1,1,0,0,1,3
401,2,1,0,1,0,0,0,0,0,1,0,0,0,0
9,2,1,0,1,1,0,0,0,0,1,0,0,1,1
401,2,1,0,1,1,0,0,0,1,0,0,0,1,1
24,2,3,0,0,1,0,0,0,1,2,0,1,1,1
28,2,1,2,1,1,0,0,0,0,1,0,0,1,1
412,1,2,2,2,2,0,0,0,1,1,0,0,1,1
29,2,2,1,1,0,0,0,0,1,1,0,2,0,0
24,2,3,1,1,1,0,0,2,1,2,0,0,1,5
409,2,2,2,2,2,0,0,0,0,2,0,0,2,2
10,2,1,1,1,0,0,0,0,0,1,0,0,0,0
16,2,1,1,1,1,0,0,0,0,1,0,0,0,0
401,2,1,1,1,1,0,0,0,0,1,0,0,1,1
8,2,1,0,0,1,0,0,0,1,0,0,0,1,1
9,2,2,1,2,2,0,0,0,1,1,0,0,2,4
9,2,1,0,1,0,0,1,0,1,0,0,0,2,1
412,2,1,1,1,1,0,0,0,1,0,0,0,1,3
10,2,2,1,2,1,0,0,0,1,1,0,0,0,3
401,2,1,0,0,1,0,0,0,1,0,0,0,1,2
9,2,2,1,2,2,0,0,0,1,1,0,0,1,1
29,2,2,1,2,2,0,0,0,1,1,0,0,3,5
413,1,2,2,2,2,0,0,0,1,1,0,0,2,4
21,1,1,0,1,1,0,0,0,0,1,0,0,1,1
13,1,2,0,0,2,0,0,0,1,1,0,0,2,1
9,2,1,0,1,1,0,0,0,0,1,0,0,1,1
25,2,2,1,2,2,0,0,0,1,1,0,0,2,2
9,2,1,0,0,0,1,0,0,1,0,0,1,1,1
7,2,3,0,0,2,0,0,1,2,1,1,0,2,4
28,2,2,0,1,2,0,0,0,1,1,0,0,2,3
9,2,2,0,0,0,0,0,2,1,1,0,0,0,4
412,2,2,1,2,1,0,0,0,0,2,0,0,1,3
7,1,1,0,0,1,0,0,0,1,0,0,0,1,1
10,2,2,1,2,1,1,0,1,1,1,0,0,1,5
6,2,1,0,0,0,0,1,0,1,0,0,0,0,0
7,2,1,0,1,1,0,0,0,0,1,0,0,1,1
9,2,2,1,1,0,0,0,1,1,1,0,0,0,0
9,2,1,0,0,1,0,0,0,1,0,0,0,1,1
7,2,1,1,1,1,0,0,0,0,1,0,0,1,2
1,2,1,1,1,1,0,0,0,1,0,0,0,1,1
19,2,1,0,1,1,0,0,0,1,0,0,0,1,1
3,1,4,1,2,1,0,0,2,3,1,0,0,1,7
28,2,4,0,2,4,0,0,0,2,2,0,0,4,3
21,1,1,0,0,0,0,0,0,0,1,0,1,0,2
7,2,3,0,0,0,1,0,0,1,2,1,0,1,1
16,2,1,0,0,1,0,0,0,1,0,0,0,1,2
9,2,1,0,1,1,0,0,0,1,0,0,0,1,1
20,2,8,1,1,1,0,0,3,3,5,6,0,0,0
22,2,1,0,0,0,0,0,0,1,0,0,0,0,2
410,1,2,1,1,2,0,0,0,1,1,0,0,3,3
401,2,3,0,1,0,1,0,2,1,2,0,0,0,5
23,2,1,0,0,1,0,0,0,0,1,0,0,1,4
401,2,1,1,1,1,0,0,0,0,1,0,0,0,7
12,2,1,0,0,0,0,0,0,1,0,0,1,0,0
7,2,1,0,0,1,0,0,0,1,0,0,0,1,1
9,2,1,0,0,1,0,0,0,0,1,0,0,1,3
9,2,3,1,2,0,0,2,0,1,2,1,0,3,0
7,2,1,0,0,0,0,0,0,1,0,0,1,0,0
16,1,4,1,1,3,0,0,0,1,3,1,0,3,3
3,1,1,1,1,1,0,0,0,1,0,0,0,2,3
7,2,1,0,0,0,0,0,0,0,1,0,1,0,0
20,2,3,0,0,0,0,0,2,3,0,2,0,0,0
7,2,1,1,1,1,0,0,0,0,1,0,0,1,3
7,2,2,0,0,0,0,0,0,1,1,0,2,0,0
22,2,2,0,0,0,0,0,0,0,2,0,0,0,0
11,2,1,1,1,1,0,0,0,1,0,0,0,2,2
412,2,2,1,2,1,0,0,0,1,1,0,0,0,2
401,2,1,0,0,0,0,0,0,1,0,0,1,0,1
10,2,2,1,2,0,0,0,2,1,1,0,0,0,2
7,2,1,1,1,1,0,0,0,0,1,0,0,1,1
14,2,3,0,1,0,0,0,3,2,1,0,0,0,6
9,2,1,0,0,0,0,0,0,0,1,0,1,0,2
17,2,4,1,2,1,0,0,2,2,2,2,0,1,5
13,1,4,1,2,2,1,0,2,2,2,1,0,3,6
2,1,1,0,0,0,0,0,0,1,0,0,1,0,2
14,1,1,0,1,0,0,0,1,1,0,0,0,0,2
7,2,1,1,1,1,0,0,0,1,0,0,0,1,1
23,1,5,1,3,3,1,0,0,3,2,0,0,4,5
24,2,4,1,1,1,0,1,1,2,2,2,0,2,4
2,2,2,2,2,1,0,0,0,1,1,0,0,0,2
7,2,3,0,0,0,1,0,1,3,0,2,0,0,3
1,2,1,1,0,0,0,0,0,1,0,0,1,0,0
5,2,1,0,0,0,0,0,0,0,1,0,0,0,1
7,2,2,0,2,2,0,0,0,0,2,0,0,2,2
402,2,2,1,2,1,0,0,0,1,1,0,0,1,3
16,1,5,1,0,3,0,0,1,2,3,0,0,3,5
9,2,1,0,0,0,0,0,0,1,0,0,1,0,2
28,2,1,0,1,1,0,0,0,1,0,0,0,0,1
410,1,2,0,2,2,0,0,0,1,1,0,0,2,4
8,2,2,0,0,2,0,0,0,1,1,0,0,1,1
7,2,1,0,0,1,0,0,0,1,0,0,0,1,1
401,2,2,0,1,2,0,0,0,0,2,0,0,1,1
19,2,1,1,1,1,0,0,0,0,1,0,0,0,5
19,2,3,1,2,1,0,0,0,1,2,0,1,1,6
401,2,2,0,2,1,0,0,1,0,2,0,0,1,5
7,2,2,0,2,2,0,0,0,0,2,0,0,2,2
7,2,1,0,1,1,0,0,0,1,0,0,0,1,1
7,2,1,2,1,1,0,0,0,0,1,0,0,1,1
24,1,1,2,1,1,0,0,0,0,1,0,0,1,3
4,2,2,1,2,0,0,0,0,1,1,0,0,0,4
9,2,1,0,1,1,0,0,0,0,1,0,0,2,1
37,2,1,0,0,0,0,0,0,1,0,0,0,0,2
2,2,2,1,1,2,0,0,0,1,1,0,0,2,2
7,2,1,0,0,1,0,0,0,1,0,0,0,1,1
1,1,2,1,1,0,2,0,0,2,0,0,0,1,1
21,1,4,0,1,4,0,0,0,3,1,0,0,4,3
4,2,1,1,1,0,0,0,0,1,0,0,0,0,0
8,2,2,1,1,2,0,0,0,2,0,0,0,2,2
21,1,3,1,2,0,0,2,0,2,1,1,0,0,0
14,1,2,1,0,1,0,0,0,1,1,0,0,1,3
29,2,2,1,1,0,1,0,2,2,0,1,0,1,7
9,2,2,0,2,2,0,0,0,1,1,0,0,2,2
9,2,1,1,1,1,0,0,0,1,0,0,0,0,4
37,2,1,1,1,1,0,0,0,0,1,0,0,2,1
1,2,1,0,0,1,0,0,0,0,1,0,0,1,1
9,2,1,0,1,1,0,0,0,0,1,0,0,0,2
16,2,4,0,2,2,0,0,1,1,3,2,0,0,2
36,2,2,2,2,2,0,0,0,0,2,0,0,2,4
7,2,2,0,2,1,0,0,0,0,2,0,0,1,1
1,2,2,2,2,2,0,0,0,0,2,0,0,2,7
2,2,3,2,3,2,0,0,1,1,2,0,0,2,3
19,2,3,1,2,2,0,0,1,1,2,0,0,2,4
15,1,2,2,2,2,0,0,0,1,1,0,0,2,2
23,1,5,0,0,2,0,0,1,4,1,0,1,1,1
14,1,5,0,0,3,0,0,1,2,3,0,0,3,2
6,1,3,0,0,0,1,0,0,2,1,0,2,1,3
7,2,1,1,1,1,0,0,0,0,1,0,0,0,1
7,2,3,0,1,1,1,0,0,2,1,1,0,2,8
29,2,2,1,2,1,1,0,1,2,0,0,0,2,3
8,2,1,1,1,0,0,0,0,0,1,0,1,0,3
10,2,2,1,2,0,2,0,2,1,1,0,0,1,8
19,2,1,1,1,1,0,0,0,0,1,0,0,0,0
29,2,3,0,0,0,0,0,0,2,1,0,2,0,0
409,2,2,1,2,1,1,0,0,1,1,0,0,0,2
2,2,4,3,4,2,1,0,1,2,2,0,0,1,4
7,2,2,0,0,2,0,0,0,1,1,0,1,2,2
3,1,1,1,1,1,0,0,0,0,1,0,0,1,1
18,2,2,2,2,2,0,0,0,1,1,0,0,2,2
1,2,2,0,0,0,0,0,0,1,1,0,2,0,2
1,2,1,0,1,1,0,0,0,0,1,0,0,1,1
1,2,1,1,1,1,0,0,0,0,1,0,0,0,0
28,2,1,1,1,1,0,0,0,0,1,0,0,1,5
1,2,2,2,2,1,0,0,1,1,1,0,0,2,4
28,2,1,0,1,1,0,0,0,1,0,0,0,1,1
16,2,1,0,1,1,0,0,0,1,0,0,0,1,1
19,2,2,1,2,2,0,0,0,1,1,0,0,0,4
24,2,1,1,1,1,0,0,0,0,1,0,0,1,3
15,2,2,0,0,2,0,0,0,1,1,0,0,2,2
9,2,1,0,1,1,0,0,0,1,0,0,0,1,2
24,2,2,0,1,0,0,0,0,2,0,1,0,0,0
9,2,1,0,1,1,0,0,0,0,1,0,0,1,1
1,2,2,1,2,2,0,0,0,1,1,0,0,2,2
7,2,2,1,1,1,0,0,1,2,0,0,0,1,1
7,2,1,0,1,1,0,0,0,0,1,0,0,1,1
9,2,1,1,1,1,0,0,0,0,1,0,0,0,1
4,2,1,1,1,1,0,0,0,1,0,0,0,1,3
1,2,1,0,1,1,0,0,0,0,1,0,0,1,2
21,1,2,2,2,1,0,0,0,1,1,0,0,1,3
7,2,2,0,0,0,1,0,2,0,2,0,0,1,5
2,2,1,1,0,1,0,0,0,1,0,0,0,2,2
1,2,2,1,2,2,0,0,0,1,1,0,0,2,3
7,2,2,0,1,1,0,0,1,2,0,1,0,1,3
18,2,2,0,2,2,0,0,0,1,1,0,0,2,4
7,2,3,0,1,3,0,0,0,0,3,0,0,2,1
8,2,2,1,1,2,0,0,0,1,1,0,0,1,1
2,1,2,1,1,2,0,0,0,2,0,0,0,2,4
12,1,3,0,3,1,2,0,2,1,2,0,0,2,6
31,2,3,1,1,1,0,0,0,2,1,0,1,0,2
23,2,1,0,1,1,0,0,0,1,0,0,0,1,1
9,2,1,0,0,1,0,0,0,0,1,0,0,1,3
37,1,3,0,1,1,0,0,1,2,1,1,0,1,5
1,2,2,1,2,2,0,0,0,1,1,0,0,2,3
37,2,2,1,2,1,0,0,0,1,1,0,0,1,1
9,2,2,1,1,2,0,0,0,1,1,0,0,2,4
3,1,3,1,2,1,0,0,2,1,2,1,0,1,3
20,2,1,0,1,1,0,0,0,1,0,0,0,1,0
31,2,1,0,1,1,0,0,0,0,1,0,0,2,2
16,2,2,0,0,1,0,0,1,2,0,1,0,1,3
22,2,3,1,1,2,0,0,0,1,2,0,1,1,1
401,2,1,0,1,1,0,0,0,1,0,0,0,1,1
21,2,4,0,0,0,0,0,4,3,1,3,0,0,8
401,2,2,0,2,1,1,0,1,1,1,0,0,2,3
401,2,1,1,1,1,0,0,0,1,0,0,0,0,1
24,2,1,0,0,0,0,0,0,1,0,0,1,0,0
410,1,1,1,1,1,0,0,0,0,1,0,0,1,1
1,1,4,4,4,4,0,0,0,4,0,0,0,3,8
7,1,2,0,2,0,0,0,0,1,0,0,0,0,0
401,2,2,0,2,2,0,0,0,0,2,0,0,1,1
9,2,1,1,1,1,0,0,0,1,0,0,0,1,1
401,2,2,1,2,1,0,1,0,1,1,0,0,1,2
413,2,1,1,1,0,0,0,0,0,1,0,1,0,0
7,1,1,0,0,1,0,0,0,1,0,0,1,1,1
24,2,2,1,2,2,0,0,0,1,1,0,0,1,4
38,2,1,1,1,1,0,0,0,0,1,0,0,0,2
19,2,1,0,1,0,0,0,1,1,0,0,0,0,2
8,2,1,0,0,1,0,0,0,1,0,0,1,1,1
2,2,1,1,1,0,1,0,0,1,0,0,0,1,4
24,1,2,1,2,1,0,1,0,1,1,0,0,1,1
20,2,4,1,1,2,0,0,0,2,2,2,0,1,1
14,1,2,1,1,2,0,0,0,1,1,0,0,1,3
16,1,2,0,2,0,0,2,0,0,2,0,0,0,0
10,2,2,1,2,1,0,0,0,1,1,0,2,1,1
1,2,2,1,2,2,0,0,0,1,1,0,0,2,4
401,2,1,0,0,1,0,0,0,0,1,0,0,1,1
24,2,1,0,0,0,0,0,0,0,1,0,1,0,0
2,1,1,1,1,1,0,0,0,0,1,0,0,1,3
9,2,2,1,2,1,0,0,0,1,1,0,0,1,1
24,2,1,0,0,1,0,0,0,1,0,0,0,1,2
31,2,2,1,1,2,0,0,0,2,0,0,0,2,4
29,2,3,2,3,1,1,0,1,1,2,0,0,1,3
7,2,1,0,1,1,0,0,0,1,0,0,0,1,1
7,2,1,1,1,1,0,0,0,0,1,0,0,1,1
8,2,2,1,1,1,0,0,0,1,1,0,0,1,1
2,2,1,0,1,1,0,0,0,1,0,0,0,1,0
2,1,3,1,2,1,1,0,1,2,1,0,0,1,3
21,1,3,2,3,1,0,0,1,1,2,0,0,0,2
14,1,1,0,1,0,1,0,1,0,1,0,0,0,4
10,2,3,0,0,2,0,0,0,1,2,1,0,2,2
6,2,2,1,1,2,0,0,0,1,1,0,0,2,2
401,2,2,0,2,1,1,0,0,1,1,0,0,6,4
15,2,2,0,0,0,0,0,2,1,1,0,0,0,6
11,2,2,1,1,1,0,0,0,1,1,0,1,1,0
2,1,1,0,1,0,1,0,1,1,0,0,0,0,3
401,2,1,0,0,0,0,0,0,0,1,0,0,0,2
9,1,3,0,2,2,0,0,1,2,1,0,0,2,2
7,2,1,0,1,1,0,0,0,0,1,0,0,1,1
16,2,2,1,2,1,0,0,0,1,1,0,0,1,1
11,2,1,0,1,1,0,0,0,1,0,0,0,1,1
16,2,1,0,0,0,0,0,0,1,0,0,0,0,1
2,2,1,1,1,0,0,0,1,0,1,0,0,0,3
15,2,2,1,1,1,1,0,2,0,2,0,0,2,6
2,1,1,0,0,0,0,0,1,1,0,0,0,0,4
402,2,1,0,0,0,0,0,0,1,0,0,1,0,0
2,2,1,0,0,0,0,0,0,1,0,0,1,0,0
1,1,2,1,1,2,0,0,0,1,1,0,0,3,2
21,1,2,1,1,1,1,0,1,2,0,0,0,2,3
16,2,2,0,2,2,0,0,0,0,2,0,0,0,2
7,2,1,0,1,1,0,0,0,0,1,0,0,1,1
2,2,2,0,0,1,0,1,1,2,0,0,0,2,4
9,2,2,1,2,2,0,0,0,1,1,0,0,2,4
14,1,3,1,2,2,0,0,0,1,2,0,0,2,2
29,2,1,0,1,0,0,0,1,1,0,0,0,0,0
7,2,2,1,2,2,0,0,0,0,2,0,0,2,2
1,1,1,1,1,0,0,0,0,0,1,0,0,0,6
10,2,2,0,0,0,0,0,2,1,1,0,0,0,4
412,1,2,1,2,2,0,0,0,1,1,0,0,2,4
36,2,2,2,2,1,0,0,0,1,1,0,2,1,1
1,1,4,1,1,1,0,0,2,1,3,2,0,1,5
412,1,2,1,2,1,0,0,0,1,1,0,0,1,4
2,1,1,1,1,1,0,0,0,1,0,0,0,1,1
7,2,1,0,0,0,0,0,0,1,0,0,1,0,1
9,2,1,0,1,1,0,0,0,0,1,0,0,2,1
24,2,3,0,0,1,0,0,1,3,0,0,1,1,1
37,2,4,0,0,1,0,0,0,3,1,2,0,1,6
2,2,2,1,2,2,0,0,0,1,1,0,0,1,1
2,2,2,1,2,1,0,0,0,2,0,0,0,0,0
21,1,2,0,0,0,0,0,0,1,1,0,2,0,0
21,1,3,1,2,1,0,1,0,1,2,1,0,1,1
20,2,4,1,2,2,0,0,0,1,3,2,0,2,1
1,2,3,0,1,1,1,0,2,3,0,2,0,2,5
19,2,1,1,1,1,0,0,0,1,0,0,0,0,1
401,2,1,1,1,1,0,0,0,0,1,0,0,1,1
401,2,1,0,1,1,0,0,0,0,1,0,0,2,1
401,2,2,0,2,2,0,0,0,0,2,0,0,3,3
24,2,1,2,1,1,0,0,0,0,1,0,0,1,2
7,1,1,0,1,1,0,0,0,0,1,0,0,0,4
23,1,10,0,1,1,1,0,4,3,3,3,1,2,16
5,1,3,3,3,2,0,0,1,0,3,0,0,6,6
7,2,2,2,2,2,0,0,0,1,1,0,0,10,7
17,2,2,1,2,2,0,0,0,2,0,0,0,2,10
6,1,4,2,3,2,0,0,2,2,2,0,0,2,12
24,2,2,0,1,2,0,0,0,1,1,0,0,2,8
2,2,1,0,0,0,0,0,1,1,0,0,0,0,2
7,2,1,1,1,1,0,0,0,0,1,0,0,1,2
406,1,4,2,2,1,0,0,1,2,2,2,0,2,13
5,2,2,1,2,1,0,0,0,1,1,0,0,1,1
38,2,1,0,0,1,0,0,0,0,1,0,0,0,1
13,2,1,0,0,0,0,0,1,1,0,0,0,0,4
2,2,1,0,0,1,0,0,0,1,0,0,0,1,1
29,2,2,1,1,2,0,0,0,1,1,0,0,4,2
7,2,1,1,1,1,0,0,0,0,1,0,0,1,5
401,2,1,1,1,1,0,0,0,1,0,0,0,1,1
22,1,7,0,0,2,3,0,4,3,4,0,0,2,10
3,2,2,2,2,1,0,0,0,1,1,0,0,1,1
401,1,2,1,2,2,0,0,0,1,1,0,0,2,10
14,1,4,1,2,0,0,2,2,2,2,2,0,1,5
16,1,2,0,2,1,0,0,0,0,2,0,0,1,0
3,1,4,1,3,1,2,0,1,2,2,0,1,5,13
21,1,2,0,2,2,0,0,0,1,1,0,0,3,14
13,1,4,1,2,1,1,0,1,3,1,2,0,1,14
401,2,2,1,2,2,0,0,0,1,1,0,0,2,10
21,1,2,1,2,0,0,0,0,1,1,0,2,0,12
2,1,6,3,4,5,0,0,0,1,5,0,0,5,7
401,1,4,2,3,2,0,0,2,2,2,0,0,2,10
16,1,6,1,3,4,1,0,1,2,4,1,0,5,7
412,1,3,3,3,1,0,0,1,1,2,0,0,3,10
24,2,6,0,1,1,0,0,4,5,1,4,0,1,13
8,1,3,1,1,3,0,0,0,2,1,0,0,2,10
8,1,4,1,4,4,0,0,0,3,1,0,0,5,9
8,1,5,0,5,2,0,0,3,0,5,0,0,1,10
25,2,3,0,1,1,0,0,2,2,1,2,0,1,11
6,1,5,4,2,2,0,0,3,2,3,2,0,2,15
401,2,1,0,0,1,0,0,0,1,0,0,0,1,1
19,2,2,0,1,1,0,0,1,1,1,0,0,1,3
10,2,1,0,1,1,0,0,0,0,1,0,0,0,0
5,2,2,1,2,2,0,0,0,1,1,0,0,2,4
7,2,3,1,1,1,0,0,0,1,2,0,1,1,5
9,2,2,1,1,2,0,0,0,1,1,0,0,2,3
9,2,1,0,1,1,0,0,0,1,0,0,0,1,2
9,1,2,1,2,2,0,0,0,1,1,0,0,3,3
15,1,5,1,1,2,0,0,3,2,3,2,0,2,8
22,2,1,0,0,1,0,0,0,0,1,0,0,1,1
9,2,1,1,1,1,0,0,0,0,1,0,0,1,1
413,2,1,0,1,1,0,0,0,1,0,0,0,1,1
23,1,3,1,2,1,0,0,1,1,2,0,0,1,5
7,2,4,1,2,0,0,0,1,3,1,2,0,0,2
7,2,2,0,0,2,0,0,0,2,0,0,0,2,2
8,2,1,0,0,0,0,0,0,1,0,0,0,0,0
12,2,1,0,1,0,0,0,1,1,0,0,0,0,5
16,2,1,0,1,1,0,0,0,1,0,0,0,1,1
4,2,1,0,0,1,0,0,0,1,0,0,0,1,3
1,2,2,1,2,2,0,0,0,1,1,0,0,2,2
413,2,1,1,1,1,0,0,0,0,1,0,0,1,2
19,2,2,0,2,0,0,0,2,2,0,0,0,0,4
401,2,1,0,1,1,0,0,0,1,0,0,0,1,1
1,2,2,2,1,1,0,0,1,2,0,1,0,1,5
401,2,1,0,0,1,0,0,0,0,1,0,0,0,0
8,2,1,1,1,1,0,0,0,0,1,0,0,1,1
6,1,1,0,1,1,0,0,0,1,0,0,0,0,0
2,2,1,1,1,0,1,0,0,1,0,0,0,1,4
7,2,1,2,1,1,0,0,0,1,0,0,0,1,4
7,2,1,0,0,0,0,0,0,1,0,0,1,0,0
3,1,1,1,1,1,0,0,0,0,1,0,0,1,2
8,2,2,1,2,2,0,0,0,1,1,0,0,1,3
3,1,2,1,2,2,0,0,0,1,1,0,0,2,4
11,2,2,0,2,2,0,0,0,1,1,0,0,1,2
7,2,1,0,1,1,0,0,0,0,1,0,0,1,1
16,2,1,1,1,1,0,0,0,1,0,0,0,1,1
2,2,1,0,1,1,0,0,0,1,0,0,0,1,1
24,2,1,0,0,1,0,0,0,0,1,0,0,0,0
401,2,1,0,1,0,0,0,0,1,0,0,1,0,2
7,2,1,1,1,1,0,0,0,1,0,0,0,0,0
23,1,1,0,0,0,0,0,0,1,0,0,0,0,5
24,2,1,0,1,1,0,0,0,1,0,0,0,0,2
25,2,1,0,0,1,0,0,0,1,0,0,0,1,1
7,2,2,1,2,1,1,0,0,1,1,0,0,3,4
5,2,2,1,2,0,0,0,0,1,1,0,0,0,2
7,2,1,0,1,0,0,0,1,1,0,0,0,0,2
20,1,2,1,2,0,0,1,0,1,1,0,0,0,3
1,2,2,1,2,0,1,0,0,1,1,0,1,1,1
13,2,1,1,1,1,0,0,0,1,0,0,0,1,1
8,2,1,0,1,1,0,0,0,1,0,0,0,1,1
20,2,1,0,1,0,1,0,0,0,1,0,0,1,0
7,2,1,1,1,0,0,0,0,1,0,0,1,0,0
28,2,2,1,2,0,0,0,2,2,0,0,0,0,7
1,2,1,0,0,0,0,0,0,0,1,0,0,0,0
405,2,1,0,0,1,0,0,0,1,0,0,0,0,2
401,2,1,1,1,1,0,0,0,0,1,0,0,2,4
410,1,2,1,2,1,0,1,0,0,2,0,0,1,10
401,2,4,1,2,2,0,0,2,3,1,2,0,2,7
10,2,2,1,1,1,0,0,0,1,1,0,0,1,1
8,2,1,1,1,1,0,0,0,0,1,0,0,1,2
7,2,1,0,0,1,0,0,0,0,1,0,0,1,1
2,1,1,1,1,1,0,0,0,0,1,0,0,4,3
23,2,1,1,1,1,0,0,0,1,0,0,0,1,1
2,2,2,1,1,1,0,0,0,1,1,0,2,0,4
23,1,1,0,0,1,0,0,0,1,0,0,0,1,1
11,2,2,1,1,0,0,0,0,1,1,0,2,0,0
9,2,1,0,1,1,0,0,0,1,0,0,0,1,4
29,1,4,2,2,2,0,0,1,2,2,0,0,2,6
9,2,1,0,0,1,0,0,0,0,1,0,0,1,1
23,1,1,1,1,0,1,0,0,1,0,0,0,0,2
2,2,1,0,1,1,0,0,0,1,0,0,0,1,1
12,2,1,0,0,0,0,0,0,1,0,0,1,0,2
16,2,2,1,2,2,0,0,0,1,1,0,0,2,2
1,2,2,1,1,1,0,0,0,1,1,0,0,1,4
2,2,1,0,0,0,0,0,0,0,1,0,1,0,3
7,1,3,1,2,0,0,2,0,1,2,1,0,0,4
38,2,2,2,2,2,0,0,0,1,1,0,0,4,1
403,2,2,1,2,2,0,0,0,1,1,0,0,2,2
2,2,1,0,1,0,0,0,0,1,0,0,0,0,0
1,2,1,0,1,1,0,0,0,1,0,0,0,1,1
7,2,1,0,1,1,0,0,0,0,1,0,0,0,0
7,2,2,0,2,1,0,0,1,0,2,0,0,0,2
8,2,1,0,0,0,0,0,0,0,1,0,1,0,2
401,2,1,1,1,0,0,1,0,1,0,0,0,0,8
15,2,2,0,0,0,0,0,1,1,1,1,0,0,2
1,2,2,0,1,2,0,0,0,2,0,0,0,2,2
401,2,1,0,1,1,0,0,0,0,1,0,0,1,1
1,2,1,1,1,0,0,0,0,0,1,0,0,0,0
19,2,2,1,2,2,0,0,0,0,2,0,0,2,2
6,1,3,2,1,1,0,0,0,1,2,1,0,1,1
401,2,1,0,1,1,0,0,0,0,1,0,0,1,1
3,1,2,1,2,1,1,0,1,1,1,0,0,1,5
7,2,3,1,2,1,1,0,0,2,1,1,0,2,2
9,2,2,0,0,1,1,0,0,1,1,0,0,2,2
5,2,1,1,1,1,0,0,0,0,1,0,0,1,1
8,2,2,0,0,0,0,0,0,1,1,0,2,0,0
20,2,1,0,1,1,0,0,0,0,1,0,0,1,1
18,2,1,1,1,1,0,0,0,1,0,0,0,1,1
7,2,1,0,1,1,0,0,0,0,1,0,0,1,1
10,2,2,0,1,0,0,0,2,1,1,0,0,0,2
35,2,1,1,1,1,0,0,0,0,1,0,0,1,1
19,2,2,1,2,2,0,0,0,1,1,0,0,2,1
10,2,1,0,0,1,0,0,0,0,1,0,0,1,1
2,1,1,0,0,1,0,0,0,1,0,0,0,1,3
13,2,1,0,0,0,0,1,0,1,0,0,0,0,0
1,2,2,2,2,1,0,0,0,2,0,0,0,1,5
2,1,4,2,3,2,0,0,0,2,2,0,1,1,5
7,2,1,3,1,1,0,0,0,0,1,0,0,0,1
8,2,2,2,1,1,0,0,0,2,0,1,0,1,1
2,2,1,0,0,0,0,0,1,1,0,0,0,0,2
1,2,1,0,0,0,1,0,0,1,0,0,0,0,0
7,2,1,0,0,0,0,0,0,1,0,0,0,0,2
401,2,1,1,1,0,0,0,0,0,1,0,1,0,0
2,1,2,1,2,1,1,0,0,1,1,0,0,2,2
35,2,1,0,0,1,0,0,0,0,1,0,0,1,1
401,2,1,0,0,0,0,0,0,0,1,0,1,0,2
11,2,2,1,1,1,0,0,0,1,1,0,2,1,1
406,2,2,0,1,2,0,0,0,1,1,0,0,2,2
7,2,3,1,1,2,0,0,0,1,2,1,0,1,2
1,1,1,1,1,1,0,0,0,0,1,0,0,3,5
24,2,1,1,1,0,0,0,0,0,1,0,0,0,4
7,2,1,0,0,1,0,0,0,1,0,0,0,1,1
24,2,5,0,2,1,1,0,2,4,1,1,0,2,5
12,2,1,0,0,0,0,0,0,1,0,0,1,0,0
9,2,1,0,0,1,0,0,0,0,1,0,0,1,1
9,2,1,1,1,1,0,0,0,0,1,0,0,1,1
1,2,1,0,0,0,0,0,0,1,0,0,0,0,0
14,1,1,0,0,0,1,0,1,0,1,0,0,0,4
10,2,2,0,1,0,0,0,2,1,1,0,0,0,4
16,2,2,0,2,0,1,0,1,2,0,0,0,0,2
16,1,4,0,2,1,0,0,2,2,2,1,0,1,5
401,2,1,1,1,1,0,0,0,0,1,0,0,1,2
4,2,2,1,2,1,0,0,0,1,1,0,0,1,5
22,2,1,0,0,0,0,0,0,0,1,0,0,0,0
10,2,2,0,2,1,0,0,0,0,2,0,0,1,3
7,2,2,1,2,2,0,0,0,1,1,0,0,3,3
7,2,2,1,1,1,0,0,1,2,0,1,0,1,3
9,2,1,0,0,0,0,0,1,0,1,0,0,0,2
5,2,2,0,2,2,0,0,0,0,2,0,0,2,2
21,1,2,0,0,0,2,0,1,2,0,0,0,2,2
1,2,1,0,0,0,0,0,0,1,0,0,1,0,0
16,2,2,1,2,2,0,0,0,1,1,0,0,1,2
7,2,3,1,1,0,1,0,0,2,1,0,1,0,0
8,1,1,0,0,1,0,0,0,1,0,0,0,1,2
22,2,1,0,0,0,0,0,0,1,0,0,1,0,2
8,2,2,2,2,2,0,0,0,0,2,0,0,2,2
401,2,2,1,2,1,0,0,0,2,0,0,0,1,1
10,2,3,1,1,1,0,0,2,1,2,1,0,1,5
410,2,1,0,1,0,1,0,0,0,1,0,0,1,1
401,1,1,0,1,1,0,0,0,0,1,0,0,1,1
16,1,3,1,3,1,1,0,0,1,2,0,1,0,0
401,2,1,0,1,1,0,0,0,0,1,0,0,1,1
409,2,2,1,2,1,1,0,0,1,1,0,0,1,1
24,2,2,1,1,2,0,0,0,0,2,0,0,2,2
15,2,3,1,2,2,0,0,1,2,1,0,0,2,4
16,2,1,1,1,1,0,0,0,0,1,0,0,1,3
9,1,2,1,1,1,0,0,0,2,0,0,0,2,2
1,2,1,1,1,1,0,0,0,1,0,0,0,0,2
2,1,4,1,2,2,0,0,2,2,2,2,0,0,0
1,1,1,2,1,1,0,0,0,0,1,0,0,2,1
6,1,1,1,1,1,0,0,0,1,0,0,0,0,0
29,2,3,0,0,0,0,0,2,3,0,2,0,0,4
1,1,1,1,1,1,0,0,0,1,0,0,0,1,1
10,2,2,0,2,1,1,0,1,1,1,0,0,1,3
402,2,2,0,0,2,0,0,0,1,1,0,0,2,2
14,1,1,0,0,1,0,0,0,1,0,0,0,1,3
21,1,2,0,1,2,0,0,0,0,2,0,0,2,4
23,1,4,1,1,2,0,0,2,1,3,2,0,2,6
2,1,5,2,2,1,1,0,3,3,2,1,0,1,5
1,2,2,0,2,1,0,0,0,1,1,0,0,1,1
17,2,1,1,1,1,0,0,0,1,0,0,0,1,2
4,2,1,4,1,1,0,0,0,0,1,0,1,1,4
16,2,1,0,1,1,0,0,0,1,0,0,0,1,1
401,2,1,0,1,0,0,0,0,0,1,0,0,0,0
2,2,4,2,4,2,1,0,1,1,3,0,0,2,7
4,2,1,1,1,1,0,0,0,0,1,0,0,4,2
11,2,1,1,0,0,0,0,0,1,0,0,1,0,0
4,2,2,1,2,1,0,0,0,2,0,0,0,1,1
16,2,3,1,1,1,0,0,0,2,1,1,0,1,5
9,2,2,2,2,1,0,0,0,1,1,0,0,1,1
9,2,2,2,2,2,0,0,0,1,1,0,0,2,3
29,2,4,1,2,2,0,0,1,2,2,2,0,2,6
7,2,2,0,0,0,0,0,1,1,1,1,0,0,2
20,2,2,1,1,2,0,0,0,1,1,0,0,2,2
29,1,6,1,1,1,0,0,3,2,4,1,0,0,6
19,2,1,0,0,0,0,0,0,1,0,0,1,1,1
8,2,1,0,0,0,0,0,0,0,1,0,1,0,0
405,1,1,0,1,1,0,0,0,0,1,0,0,1,1
2,2,1,0,0,0,0,0,0,1,0,0,1,0,2
11,2,1,0,1,0,0,0,1,1,0,0,0,0,4
28,1,4,1,2,4,0,0,0,2,2,0,0,4,4
18,2,2,1,2,2,0,0,0,1,1,0,0,2,2
15,1,4,3,3,1,0,0,3,0,4,0,0,0,8
1,2,1,0,0,1,0,0,0,0,1,0,0,3,1
410,1,2,1,2,2,0,0,0,1,1,0,0,2,3
10,2,1,1,1,1,0,0,0,0,1,0,1,1,1
4,1,1,1,1,0,0,0,0,1,0,0,0,0,2
29,1,2,0,0,1,0,1,0,1,1,0,2,0,2
24,1,1,0,1,1,0,0,0,0,1,0,0,0,3
2,2,1,1,1,1,0,0,0,1,0,0,0,1,1
401,2,1,0,1,1,0,0,0,0,1,0,0,0,0
29,2,1,0,1,1,0,0,0,0,1,0,0,0,0
2,1,1,0,1,0,0,0,1,1,0,0,0,0,2
7,2,2,0,2,1,0,0,1,2,0,0,0,1,3
11,2,1,0,1,1,0,0,0,1,0,0,0,1,3
2,2,1,1,1,0,0,0,0,0,1,0,0,0,4
21,2,3,1,1,1,0,0,1,2,1,1,0,0,4
7,2,2,1,2,2,0,0,0,1,1,0,0,2,2
20,2,2,0,1,1,0,0,1,0,2,0,0,1,3
25,2,2,0,2,1,1,0,1,2,0,0,0,1,3
404,2,1,1,1,0,1,0,1,1,0,0,0,1,1
9,2,1,1,1,1,0,0,0,0,1,0,0,1,6
5,2,1,1,1,1,0,0,0,0,1,0,0,1,1
4,2,1,1,1,0,0,0,0,1,0,0,0,0,0
8,2,2,1,2,2,0,0,0,1,1,0,0,2,2
19,2,1,1,1,0,0,0,0,1,0,0,1,0,0
31,2,1,0,1,1,0,0,0,0,1,0,0,1,1
8,2,1,0,1,1,0,0,0,1,0,0,0,1,1
22,1,3,0,0,1,0,0,0,1,2,0,0,1,1
8,2,2,1,2,2,0,0,0,1,1,0,0,2,2
13,2,1,0,1,1,0,0,0,0,1,0,0,1,1
13,2,3,1,1,1,0,1,0,1,2,1,0,1,3
6,2,1,1,1,0,0,1,0,0,1,0,0,1,1
5,2,2,1,1,1,0,0,1,0,2,1,0,1,3
7,2,1,2,1,1,0,0,0,0,1,0,0,0,5
7,2,1,0,0,0,0,0,0,0,1,0,1,0,0
7,2,2,1,2,2,0,0,0,1,1,0,0,2,4
2,2,2,1,2,2,0,0,0,1,1,0,0,2,3
9,2,2,1,2,2,0,0,0,1,1,0,0,2,2
3,2,1,1,1,1,0,0,0,1,0,0,0,1,1
6,1,5,1,1,1,1,0,1,4,1,0,1,1,3
14,1,4,1,1,2,1,0,1,3,1,0,0,2,4
7,2,1,1,1,1,0,0,0,1,0,0,0,1,1
29,2,4,1,1,2,0,0,1,3,1,2,0,2,4
38,2,1,1,1,1,0,0,0,1,0,0,0,1,1
5,2,2,2,2,1,0,0,0,1,1,0,2,1,4
8,2,1,1,0,0,0,0,0,1,0,0,0,0,0
16,2,1,1,1,1,0,0,0,1,0,0,0,1,1
37,2,1,0,0,1,0,0,0,1,0,0,0,1,1
24,2,2,0,1,2,0,0,0,0,2,0,0,1,2
14,1,2,1,1,1,0,0,0,2,0,0,0,0,0
8,2,2,1,2,1,0,0,0,0,2,0,0,1,2
2,2,1,0,0,0,0,1,0,1,0,0,1,0,3
2,1,1,1,1,1,0,0,0,1,0,0,0,2,3
8,2,1,1,1,0,0,1,0,1,0,0,0,0,4
2,2,1,1,1,1,0,0,0,1,0,0,0,0,4
7,2,1,0,1,1,0,0,0,0,1,0,0,2,1
8,2,1,0,0,0,0,0,0,0,1,0,1,0,2
8,2,1,1,1,0,0,0,1,1,0,0,0,0,2
11,2,1,0,1,1,0,0,0,0,1,0,0,1,1
6,2,2,1,2,0,0,0,0,1,1,0,0,1,1
3,1,4,2,4,2,1,0,2,2,2,0,0,3,7
24,2,1,1,1,1,0,0,0,1,0,0,0,1,2
4,2,2,2,2,1,0,0,0,1,1,0,0,1,1
1,1,1,0,1,1,0,0,0,1,0,0,0,3,2
37,2,2,1,2,2,0,0,0,1,1,0,0,2,2
7,2,1,1,1,1,0,0,0,0,1,0,0,0,0
29,2,2,1,2,2,0,0,0,2,0,0,0,2,3
16,2,1,1,1,1,0,0,0,0,1,0,0,1,1
28,2,2,1,1,2,0,0,0,1,1,0,0,2,2
1,2,2,0,0,0,0,1,1,2,0,1,0,0,2
21,2,2,0,0,0,1,0,1,2,0,1,0,1,3
10,2,2,0,1,2,0,0,0,1,1,0,0,1,1
22,2,1,0,0,0,0,0,0,1,0,0,1,0,0
13,2,1,1,1,1,0,0,0,1,0,0,0,1,3
1,2,2,0,2,2,0,0,0,1,1,0,0,2,2
14,2,1,1,1,1,0,0,0,1,0,0,0,3,3
9,2,1,0,1,1,0,0,0,1,0,0,0,1,1
35,2,1,1,1,1,0,0,0,0,1,0,0,0,0
38,2,2,2,2,1,0,0,0,0,2,0,0,0,1
2,2,2,3,2,2,0,0,0,1,1,0,0,2,4
1,2,2,1,2,2,0,0,0,1,1,0,0,3,2
3,1,1,0,1,1,0,0,0,0,1,0,0,1,1
401,2,1,0,1,1,0,0,0,1,0,0,0,1,1
6,1,2,2,1,2,0,0,0,1,1,0,0,2,2
2,2,2,1,2,1,0,1,0,1,1,0,0,2,4
401,2,1,1,1,1,0,0,0,0,1,0,0,1,1
7,2,2,0,1,2,0,0,0,1,1,0,0,3,2
10,2,4,1,2,1,0,0,0,2,2,2,0,1,1
1,2,1,0,0,1,0,0,0,1,0,0,0,1,1
2,2,2,0,2,2,0,0,0,1,1,0,0,2,2
2,2,1,1,1,1,0,0,0,1,0,0,0,1,4
7,2,1,0,1,1,0,0,0,0,1,0,0,1,1
28,2,1,1,1,1,0,0,0,0,1,0,0,1,1
2,2,1,0,0,0,1,0,0,1,0,0,0,1,1
8,2,1,1,1,0,1,0,0,0,1,0,0,5,1
9,2,1,1,1,1,0,0,0,0,1,0,0,2,1
37,2,1,0,0,0,0,0,0,1,0,0,0,0,2
5,2,1,0,1,0,0,0,1,0,1,0,0,0,4
7,2,1,0,0,0,0,0,0,1,0,0,1,0,2
4,1,4,1,1,0,0,0,0,2,2,0,4,0,8
26,1,2,2,2,2,0,0,0,1,1,0,0,2,4
7,2,1,1,1,1,0,0,0,0,1,0,0,1,2
2,2,2,0,0,0,0,0,0,2,0,0,2,0,0
2,2,1,0,0,1,0,0,0,1,0,0,0,1,1
12,2,1,0,0,0,0,0,0,1,0,0,1,0,3
7,2,2,1,2,1,1,0,0,1,1,0,0,2,2
1,2,1,0,0,0,1,0,1,1,0,0,0,0,2
3,1,1,1,1,1,0,0,0,1,0,0,0,1,2
24,2,2,1,1,1,0,0,0,1,1,0,0,1,3
9,2,1,0,0,1,0,0,0,0,1,0,1,1,1
7,2,2,1,2,0,0,0,1,1,1,0,0,0,2
7,2,3,0,1,0,3,0,2,1,2,0,0,1,5
7,2,1,0,0,0,0,0,0,0,1,0,1,0,0
5,2,2,2,2,2,0,0,0,0,2,0,0,1,1
14,1,1,0,0,1,0,0,0,0,1,0,0,1,1
2,2,1,1,1,1,0,0,0,1,0,0,0,1,2
7,2,1,1,1,1,0,0,0,1,0,0,0,1,1
7,2,1,0,1,0,0,0,1,1,0,0,0,0,2
15,2,1,1,1,1,0,0,0,0,1,0,0,1,1
12,2,1,0,1,0,1,0,1,0,1,0,0,1,1
401,2,1,0,1,1,0,0,0,0,1,0,0,1,1
2,2,6,0,0,1,2,0,3,3,3,1,1,2,8
1,2,2,0,1,2,0,0,0,1,1,0,0,2,2
8,2,1,0,1,0,1,0,1,1,0,0,0,2,3
5,2,2,0,2,2,0,0,0,1,1,0,0,2,6
413,1,2,2,2,2,0,0,0,1,1,0,0,2,5
8,2,1,0,0,0,0,0,0,1,0,0,1,0,0
7,2,1,0,0,1,0,0,0,0,1,0,0,2,1
5,2,1,0,1,0,1,0,0,1,0,0,0,1,1
9,2,1,0,1,1,0,0,0,1,0,0,0,1,1
9,2,1,0,1,1,0,0,0,1,0,0,0,1,1
12,2,1,1,1,1,0,0,0,1,0,0,1,0,5
28,2,1,1,1,0,1,0,1,0,1,0,0,0,4
24,2,1,0,1,0,0,0,0,0,1,0,0,0,3
8,1,2,0,2,2,0,0,0,1,1,0,0,2,3
9,2,1,0,1,1,0,0,0,0,1,0,0,1,1
25,2,2,2,2,2,0,0,0,0,2,0,0,2,2
8,2,2,0,0,1,1,0,0,0,2,0,0,1,3
7,2,1,0,0,0,0,0,0,1,0,0,1,0,0
3,2,1,0,1,0,1,0,0,1,0,0,0,0,1
413,2,1,0,1,1,0,0,0,0,1,0,0,1,1
25,1,3,0,0,1,0,0,0,2,1,1,0,1,1
5,2,2,2,2,2,0,0,0,1,1,0,0,2,2
8,2,2,1,1,1,0,0,0,1,1,0,0,0,2
15,1,3,0,3,0,0,0,0,1,2,0,3,0,6
7,1,1,0,0,0,0,0,0,1,0,0,0,0,0
10,2,2,2,2,0,0,0,2,1,1,0,0,0,2
16,2,3,2,2,2,0,0,0,1,2,1,0,2,5
1,1,3,1,1,2,0,0,1,2,1,1,0,2,6
9,2,2,0,0,2,0,0,0,1,1,0,0,2,2
9,2,1,0,0,1,0,0,0,1,0,0,0,1,3
7,2,1,0,1,0,0,0,0,0,1,0,0,0,1
23,2,1,1,1,1,0,0,0,0,1,0,0,1,2
8,1,1,1,1,1,0,0,0,1,0,0,0,1,1
7,2,1,0,0,0,0,0,0,1,0,0,1,0,2
16,1,1,1,1,0,1,0,0,1,0,0,0,1,1
12,2,2,0,2,0,0,2,0,1,1,0,0,2,6
8,2,1,1,1,1,0,0,0,0,1,0,0,1,2
1,2,1,0,1,0,0,0,0,1,0,0,1,0,6
402,2,2,0,2,2,0,0,0,1,1,0,0,1,3
2,2,1,1,1,1,0,0,0,1,0,0,0,2,2
22,1,1,1,1,1,0,0,0,0,1,0,0,1,1
18,2,1,0,1,1,0,0,0,0,1,0,0,3,1
401,2,2,2,2,1,0,0,1,1,1,0,0,1,3
9,2,2,1,1,1,0,0,0,1,1,0,0,2,2
16,2,1,1,1,1,0,0,0,1,0,0,0,1,1
1,1,1,1,1,0,0,1,0,0,1,0,0,1,1
7,2,2,0,0,0,0,0,0,1,1,0,2,0,4
12,2,2,1,2,2,0,0,0,1,1,0,0,2,2
8,2,1,0,1,0,0,0,0,0,1,0,0,0,0
14,1,1,0,1,1,0,0,0,1,0,0,0,1,3
29,2,4,1,1,2,0,0,1,3,1,2,0,2,4
401,2,2,1,2,2,0,0,0,1,1,0,0,1,3
409,2,1,0,1,0,0,1,0,1,0,0,0,0,0
24,1,1,1,1,1,0,0,0,1,0,0,0,1,2
14,1,1,1,1,1,0,0,0,0,1,0,0,1,1
14,1,1,1,1,1,0,0,0,0,1,0,0,1,3
409,2,2,1,1,2,0,0,0,1,1,0,0,3,3
16,2,3,1,2,1,0,0,1,1,2,1,0,0,8
7,2,3,1,2,2,0,0,0,2,1,0,1,2,2
19,2,1,0,0,0,0,0,1,1,0,0,0,0,4
37,2,2,1,1,0,0,0,0,1,1,0,2,0,4
21,2,2,0,0,0,0,0,0,1,1,0,1,0,0
7,1,3,0,2,1,1,0,0,1,2,1,0,2,2
2,2,1,0,1,1,0,0,0,1,0,0,0,1,1
412,2,1,1,1,1,0,0,0,0,1,0,0,1,3
1,2,2,0,1,2,0,0,0,1,1,0,0,2,2
7,2,2,1,1,2,0,0,0,0,2,0,0,3,3
37,1,3,1,2,1,0,1,0,2,1,1,0,0,2
2,1,1,1,1,1,0,0,0,1,0,0,0,2,2
10,2,1,0,1,1,0,0,0,1,0,0,0,1,1
13,2,1,1,1,1,0,0,0,1,0,0,0,1,3
7,1,2,2,2,1,0,0,0,1,1,0,0,1,2
409,2,4,0,2,1,0,0,0,1,3,1,1,1,1
15,2,1,0,0,0,0,0,0,1,0,0,0,0,0
2,2,2,1,2,2,0,0,0,1,1,0,0,3,2
13,2,2,1,2,1,1,0,0,1,1,0,0,3,7
12,2,1,0,1,0,0,0,1,0,1,0,0,0,2
14,2,2,1,1,0,1,0,2,0,2,0,0,0,4
5,1,2,1,2,1,1,0,0,1,1,0,0,2,3
2,1,2,2,2,2,0,0,0,1,1,0,0,1,5
1,2,2,1,2,2,0,0,0,1,1,0,0,1,3
37,2,1,0,1,1,0,0,0,1,0,0,0,0,5
410,2,1,0,1,0,0,0,1,0,1,0,0,0,3
1,2,1,0,0,1,0,0,0,1,0,0,0,1,2
7,2,2,0,1,2,0,0,0,0,2,0,0,2,2
1,1,2,0,0,1,0,0,0,1,1,0,0,1,5
404,2,1,1,1,1,0,0,0,1,0,0,0,0,2
37,2,2,1,1,1,1,0,0,1,1,0,0,2,6
39,1,2,1,2,2,0,0,0,1,1,0,0,1,3
9,2,2,1,2,1,0,0,0,1,1,0,0,1,3
36,2,3,0,2,2,0,0,1,1,2,1,0,2,4
18,2,1,0,1,1,0,0,0,1,0,0,0,1,1
9,2,1,1,1,1,0,0,0,0,1,0,0,1,3
3,1,2,2,2,2,0,0,0,1,1,0,0,2,3
12,1,1,1,1,1,0,0,0,0,1,0,0,1,5
404,2,3,1,2,3,0,0,0,3,0,0,0,3,3
3,1,4,1,2,1,1,0,2,2,2,1,0,2,6
1,2,1,1,1,1,0,0,0,0,1,0,0,1,2
1,2,1,1,1,1,0,0,0,0,1,0,0,2,2
1,1,5,2,1,1,1,0,1,2,3,0,1,2,6
10,2,2,2,2,2,0,0,0,1,1,0,0,0,0
12,2,1,1,1,1,0,0,0,0,1,0,0,1,1
1,2,2,1,2,2,0,0,0,1,1,0,0,2,2
37,2,4,0,1,1,0,0,1,3,1,2,0,1,3
28,1,6,1,2,2,1,0,3,2,4,1,0,3,8
11,2,2,0,2,1,0,1,0,1,1,0,0,1,1
2,2,2,0,0,1,0,0,1,1,1,0,0,1,3
18,2,1,0,0,1,0,0,0,1,0,0,0,1,1
409,2,2,2,2,2,0,0,0,1,1,0,0,2,3
16,1,2,0,0,0,0,0,0,0,2,0,2,0,2
35,2,1,3,1,1,0,0,0,0,1,0,0,1,7
2,2,1,1,1,1,0,0,0,0,1,0,0,1,2
22,2,1,0,0,1,0,0,0,0,1,0,0,1,1
19,2,3,1,2,2,0,0,0,2,1,0,1,1,3
401,2,1,1,1,0,0,0,0,1,0,0,0,0,3
401,2,2,1,1,2,0,0,1,1,1,0,0,1,3
13,2,2,2,1,2,0,0,0,1,1,0,0,2,2
3,1,1,0,0,0,1,0,0,1,0,0,0,0,3
22,2,1,1,1,1,0,0,0,0,1,0,0,4,3
35,2,4,1,4,3,0,0,0,1,3,0,0,3,3
21,1,2,1,2,2,0,0,0,1,1,0,0,5,2
7,2,1,1,1,1,0,0,0,0,1,0,0,4,1
37,2,3,1,2,3,0,0,0,2,1,0,0,2,2
4,2,1,2,1,0,0,0,0,0,1,0,0,1,6
22,2,2,1,1,1,0,0,0,1,1,0,0,1,1
13,1,1,0,1,1,0,0,0,1,0,0,0,2,7
1,1,2,1,1,1,1,0,1,2,0,0,0,2,4
19,2,3,0,2,1,0,1,0,2,1,0,0,2,4
29,1,3,0,1,0,0,0,0,1,2,0,0,0,4
21,2,3,0,0,0,0,0,0,3,0,2,0,0,0
8,2,1,1,1,1,0,0,0,0,1,0,0,0,0
401,2,2,1,2,2,0,0,0,1,1,0,0,1,1
37,1,2,1,2,1,0,0,1,1,1,0,0,1,1
29,2,4,1,1,2,0,0,2,1,3,2,0,2,6
13,1,3,1,2,2,0,0,0,0,3,0,0,2,2
2,2,1,2,1,0,1,0,1,0,1,0,0,0,4
8,2,2,0,1,1,0,0,0,1,1,0,0,1,1
15,2,3,0,2,3,0,0,0,1,2,0,0,1,1
37,2,1,0,1,1,0,0,0,1,0,0,0,1,2
404,2,3,0,1,2,0,0,0,1,2,0,0,0,3
7,2,2,1,2,2,0,0,0,1,1,0,0,2,7
401,2,2,1,2,1,0,0,0,1,1,0,0,0,4
20,1,3,1,2,1,0,2,0,1,2,0,0,3,7
2,2,2,2,2,2,0,0,0,1,1,0,0,2,2
16,1,1,0,1,1,0,0,0,1,0,0,0,1,1
7,2,2,1,1,1,0,0,0,1,1,0,1,1,5
412,2,2,2,2,2,0,0,0,1,1,0,0,2,6
4,1,1,1,1,0,0,0,1,0,1,0,0,0,4
401,2,2,1,1,0,0,1,0,1,1,0,2,0,0
1,2,3,3,3,3,0,0,0,1,2,0,0,2,3
9,2,2,2,2,0,0,0,2,2,0,0,0,0,4
7,2,2,1,2,0,0,0,2,0,2,0,0,0,4
15,2,4,1,0,2,0,0,1,3,1,2,0,2,7
13,1,2,1,2,2,0,0,0,1,1,0,0,2,2
29,2,1,0,1,0,0,0,0,0,1,0,1,0,0
1,1,4,2,4,3,0,0,0,2,2,0,0,3,5
37,2,2,1,2,2,0,0,0,1,1,0,0,1,1
7,2,2,0,0,1,0,0,0,1,1,0,1,0,0
5,2,1,0,0,0,0,0,0,1,0,0,1,0,0
29,2,2,1,2,2,0,0,0,1,1,0,0,3,1
7,2,2,1,2,1,0,0,1,1,1,0,0,2,8
7,2,3,1,2,1,0,0,1,1,2,1,0,1,1
24,1,3,1,2,2,0,0,0,1,2,1,0,2,5
4,2,3,0,1,3,0,0,0,2,1,0,0,1,7
10,2,2,1,2,1,0,0,1,1,1,0,0,1,3
13,1,4,1,2,1,0,1,1,2,2,1,0,1,10
7,2,1,0,1,0,1,0,0,1,0,0,1,0,0
20,2,2,2,2,2,0,0,0,1,1,0,0,3,2
4,1,2,1,1,0,0,0,0,1,1,0,2,1,1
37,1,2,0,0,0,0,0,0,0,2,0,0,0,6
1,1,3,1,2,1,1,0,1,1,2,1,0,2,3
7,2,2,0,1,0,2,0,1,2,0,0,0,2,6
2,1,3,1,2,2,0,0,1,1,2,0,0,2,4
10,2,3,0,2,0,0,0,2,1,2,0,1,0,2
9,1,2,2,2,2,0,0,0,1,1,0,0,3,3
8,2,1,0,0,0,0,0,0,1,0,0,1,0,2
413,2,1,1,1,1,0,0,0,1,0,0,0,0,0
4,2,2,2,2,1,1,0,0,1,1,0,0,2,4
5,2,1,0,1,1,0,0,0,0,1,0,0,1,1
2,2,2,2,2,1,0,0,1,1,1,0,0,1,7
37,2,3,1,2,2,0,0,1,1,2,1,0,2,4
2,1,2,0,0,1,0,0,0,1,1,0,1,1,0
20,2,1,0,0,1,0,0,0,0,1,0,0,1,1
4,2,2,2,2,1,0,0,0,1,1,0,0,1,4
9,2,1,1,1,1,0,0,0,0,1,0,0,1,6
24,1,3,2,3,2,1,0,0,1,2,0,0,3,7
22,1,1,0,0,0,0,0,0,0,1,0,0,0,2
37,1,2,1,2,2,0,0,0,1,1,0,0,0,4
7,2,4,1,2,1,1,0,1,3,1,2,0,2,5
8,1,3,1,1,1,0,0,0,1,2,1,0,1,1
7,2,2,0,0,1,0,0,1,2,0,1,0,2,4
13,1,3,1,1,3,0,0,0,1,1,0,0,2,2
401,2,2,1,2,1,0,0,1,2,0,0,0,1,1
9,2,1,0,1,1,0,0,0,0,1,0,0,0,0
2,2,1,1,1,1,0,0,0,1,0,0,0,1,1
22,2,1,0,0,1,0,0,0,1,0,0,0,1,1
401,2,1,0,1,0,1,0,0,1,0,0,0,1,3
7,2,1,0,0,1,0,0,0,1,0,0,0,0,0
13,2,1,0,1,1,0,0,0,1,0,0,0,1,1
22,2,3,1,1,1,1,0,1,2,1,1,0,2,4
20,2,1,0,0,1,0,0,0,1,0,0,0,1,1
33,2,1,0,1,0,1,0,0,0,1,0,0,1,2
29,2,1,0,1,1,0,0,0,0,1,0,0,1,1
8,2,2,1,2,2,0,0,1,1,1,0,0,2,3
401,2,1,0,1,1,0,0,0,0,1,0,0,1,1
1,1,1,1,1,1,0,0,0,0,1,0,0,1,1
9,2,1,0,1,1,0,0,0,0,1,0,0,1,1
15,1,6,2,3,2,1,0,1,2,4,0,0,3,7
24,1,3,2,2,3,0,0,0,1,2,0,1,3,5
20,1,2,0,0,1,0,0,0,1,1,0,1,1,1
18,2,2,1,1,1,0,0,0,1,1,0,0,2,1
7,1,3,0,3,3,0,0,3,3,0,0,0,2,6
5,2,2,1,1,0,0,0,0,1,1,0,2,0,2
28,1,2,2,2,2,0,0,0,1,1,0,0,1,5
24,2,2,1,2,2,0,0,0,1,1,0,0,1,1
1,2,1,0,0,0,1,0,1,1,0,0,0,0,2
8,2,2,0,0,2,0,0,0,0,2,0,0,2,2
29,1,3,1,1,1,1,0,0,1,2,0,1,1,3
7,2,1,0,0,0,0,0,0,1,0,0,1,0,0
32,2,2,1,2,1,0,1,0,1,1,0,0,1,3
12,1,1,0,0,0,0,0,0,0,1,0,1,0,2
2,1,4,2,2,1,0,0,0,2,2,2,0,2,4
10,2,2,0,1,0,0,0,1,0,2,1,0,0,2
9,2,1,1,1,1,0,0,0,0,1,0,0,0,0
37,1,2,1,2,1,0,0,1,1,1,0,0,1,7
9,2,1,0,1,1,0,0,0,1,0,0,0,1,1
401,2,4,0,0,2,0,0,1,2,2,0,1,2,2
6,2,2,1,1,0,0,0,0,1,1,0,1,0,0
6,2,1,0,0,0,0,0,0,0,1,0,1,0,2
401,2,1,1,1,1,0,0,0,0,1,0,0,1,3
3,1,2,1,2,2,0,0,0,1,1,0,0,2,5
407,1,2,2,2,2,0,0,0,1,1,0,0,2,4
29,1,1,2,1,1,0,0,0,0,1,0,0,1,1
22,2,3,1,1,3,0,0,0,2,1,0,0,3,3
5,1,1,0,0,0,0,0,0,1,0,0,1,0,0
9,2,1,1,1,1,0,0,0,1,0,0,0,0,6
1,2,2,1,2,1,1,0,1,1,1,0,0,2,6
9,2,2,1,1,1,0,0,1,1,1,0,0,0,6
24,2,1,1,1,1,0,0,0,1,0,0,0,1,4
412,2,2,0,2,2,0,0,0,1,1,0,0,1,2
401,2,1,0,1,1,0,0,0,1,0,0,0,1,1
8,2,2,1,2,1,0,0,1,1,1,0,0,1,3
22,1,2,0,0,2,0,0,0,1,1,0,0,2,2
1,2,1,0,1,0,1,0,0,1,0,0,0,0,3
409,2,2,0,0,0,0,0,0,2,0,0,1,0,2
5,2,1,0,1,1,0,0,0,0,1,0,0,1,4
409,2,2,1,2,2,0,0,0,1,1,0,0,2,6
37,1,4,0,2,0,2,0,0,2,2,1,1,2,1
7,2,1,1,1,1,0,0,0,0,1,0,0,0,0
3,2,2,0,0,0,0,0,1,2,0,0,0,0,3
1,1,3,1,2,2,0,0,1,2,1,0,0,2,9
16,1,2,0,0,1,1,0,0,1,1,0,0,2,2
8,2,1,0,1,1,0,0,0,1,0,0,0,0,0
7,2,1,0,1,0,0,0,1,1,0,0,0,0,0
1,2,3,2,2,2,0,0,0,1,2,1,0,2,4
29,1,3,2,2,2,0,0,0,2,1,0,0,2,3
20,2,2,2,2,2,0,0,0,0,2,0,0,6,2
20,1,1,0,0,0,0,0,0,1,0,0,1,0,0
8,2,1,1,1,1,0,0,0,0,1,0,0,1,1
23,1,3,0,1,1,0,0,0,1,2,0,0,1,2
4,2,1,0,0,0,1,0,0,1,0,0,1,1,3
16,2,1,0,0,0,1,0,0,1,0,0,1,1,1
1,1,1,1,1,0,0,0,0,0,1,0,0,0,3
20,1,1,1,1,0,0,1,0,0,1,0,0,0,4
37,2,2,1,1,2,0,0,0,0,2,0,0,3,7
4,1,1,1,1,1,0,0,0,1,0,0,0,1,1
20,2,1,0,1,1,0,0,0,0,1,0,0,0,2
2,2,1,0,0,1,0,0,0,1,0,0,0,0,0
1,1,2,1,1,0,0,0,0,1,1,0,2,0,0
8,2,1,1,1,1,0,0,0,0,1,0,0,1,3
16,2,2,1,2,2,0,0,0,1,1,0,0,0,0
3,2,2,1,2,1,0,1,0,1,1,0,0,2,2
9,2,2,0,2,2,0,0,0,0,2,0,0,2,2
7,2,4,1,1,2,2,0,1,3,1,0,0,3,4
9,2,1,1,1,0,1,0,0,1,0,0,0,1,3
10,2,2,1,2,1,0,0,1,1,1,0,0,1,3
8,2,1,0,0,0,0,1,0,0,1,0,0,0,4
23,2,2,1,1,2,0,0,0,1,1,0,0,3,4
401,2,1,0,0,1,0,0,0,0,1,0,0,1,1
401,2,2,0,1,0,2,0,2,1,1,0,0,0,5
14,1,3,1,3,3,0,0,0,2,1,0,0,5,3
7,2,1,1,1,1,0,0,0,0,1,0,0,1,3
29,1,1,0,1,0,0,0,0,0,1,0,1,0,0
410,1,1,1,1,0,0,1,0,1,0,0,0,0,5
7,2,1,1,1,1,0,0,0,1,0,0,0,1,3
21,2,1,1,1,1,0,0,0,1,0,0,0,0,7
10,2,2,0,0,0,1,0,1,2,0,1,0,1,1
7,2,2,2,2,2,0,0,0,1,1,0,0,1,1
23,2,2,0,0,2,0,0,0,1,1,0,0,1,1
20,1,1,0,0,0,0,0,0,1,0,0,1,0,0
16,2,1,0,1,0,1,0,0,1,0,0,0,0,2
29,2,1,0,0,1,0,0,1,0,1,0,0,0,2
7,2,4,1,2,2,0,0,0,3,1,2,0,2,6
2,1,4,1,2,2,0,0,2,2,2,2,0,0,4
2,2,2,0,1,1,1,0,0,1,1,0,0,1,1
401,2,1,1,1,1,0,0,0,0,1,0,0,1,1
12,2,1,0,1,0,0,0,0,0,1,0,1,0,0
12,2,1,0,0,1,0,0,0,1,0,0,0,1,2
28,2,1,0,1,0,0,0,0,0,1,0,0,0,0
22,2,3,1,1,2,0,0,1,2,1,1,0,3,4
1,2,1,0,1,1,0,0,0,1,0,0,0,1,1
16,2,1,1,1,1,0,0,0,0,1,0,0,1,1
28,2,1,0,0,0,0,0,0,0,1,0,0,0,0
28,2,1,0,0,0,0,0,0,0,1,0,1,0,2
16,2,2,0,0,0,0,0,0,1,1,0,2,0,1
7,2,1,1,1,1,0,0,0,0,1,0,0,1,1
19,2,1,0,0,0,0,0,0,1,0,0,1,0,0
20,1,1,0,1,1,0,0,0,1,0,0,0,1,1
2,2,1,0,0,0,0,0,0,1,0,0,1,0,2
25,1,2,0,1,2,0,0,0,0,2,0,0,0,0
16,2,2,1,1,1,0,0,0,1,1,0,2,1,1
21,1,1,1,1,1,0,0,0,1,0,0,0,0,1
401,2,1,0,0,1,0,0,0,1,0,0,0,0,0
7,2,1,0,0,0,0,0,0,0,1,0,1,0,0
18,2,2,1,2,2,0,0,0,1,1,0,0,2,2
5,2,1,0,1,0,0,0,0,0,1,0,0,0,0
9,1,1,0,1,0,0,0,0,1,0,0,1,0,0
31,2,1,1,1,0,1,0,0,1,0,0,0,1,1
8,2,4,1,2,3,1,0,0,3,1,0,0,4,3
15,1,1,3,1,1,0,0,0,0,1,0,0,0,7
1,1,1,1,1,1,0,0,0,0,1,0,0,1,1
2,2,1,1,1,1,0,0,0,1,0,0,0,1,1
29,2,1,0,1,0,0,0,0,0,1,0,0,0,2
21,2,2,1,1,1,0,0,0,2,0,0,0,1,1
34,2,1,0,1,1,0,0,0,1,0,0,0,1,2
401,2,2,0,0,0,0,0,0,1,1,0,2,0,0
9,2,1,0,1,1,0,0,0,0,1,0,0,1,1
8,2,1,1,1,1,0,0,0,1,0,0,0,1,1
2,2,1,0,1,0,0,0,1,1,0,0,0,0,0
14,1,2,1,1,2,0,0,0,1,1,0,0,2,2
5,2,2,2,2,2,0,0,0,1,1,0,0,2,2
37,2,3,1,1,0,0,0,0,1,2,1,0,0,3
2,1,3,2,2,1,1,0,1,1,2,0,0,1,4
16,2,2,1,2,1,0,0,0,1,1,0,0,1,9
7,2,1,0,1,1,0,0,0,1,0,0,1,0,1
22,2,3,0,0,2,0,0,1,1,2,1,2,1,1
7,2,1,0,1,1,0,0,0,0,1,0,0,0,2
10,2,2,2,2,1,0,0,0,1,1,0,2,1,3
20,2,1,0,0,1,0,0,0,0,1,0,0,1,1
24,2,1,0,0,1,0,0,0,0,1,0,0,1,1
2,1,3,1,2,0,1,1,1,2,1,1,0,0,6
401,2,1,1,1,1,0,0,0,0,1,0,0,0,0
12,2,2,1,1,0,0,0,0,1,1,0,2,0,2
28,2,2,0,1,0,0,1,0,1,1,0,0,0,0
19,2,4,1,4,4,0,0,0,2,2,0,0,3,3
19,2,2,1,2,1,0,0,1,0,2,0,0,1,3
10,2,2,1,1,0,1,0,2,0,2,0,0,0,4
2,2,2,1,1,0,0,0,0,1,1,0,1,0,0
16,2,3,1,1,1,0,1,0,1,2,0,1,0,2
9,2,2,1,2,2,0,0,0,0,2,0,0,2,3
37,2,2,0,0,0,0,0,0,1,1,0,2,0,4
16,1,2,0,0,0,0,0,1,0,2,0,1,0,2
7,2,3,2,3,3,0,0,0,1,2,0,0,3,3
7,2,1,0,1,0,0,0,0,0,1,0,1,0,0
21,2,2,0,0,1,0,0,1,1,1,0,0,0,1
13,2,1,0,0,0,1,0,0,1,0,0,0,1,1
16,2,2,1,1,2,0,0,0,0,2,0,0,2,2
36,2,2,0,1,2,0,0,0,1,1,0,0,3,4
7,2,1,0,0,1,0,0,0,1,0,0,0,1,1
8,2,1,1,1,1,0,0,0,0,1,0,0,1,3
7,2,1,0,1,0,0,0,0,0,1,0,1,0,0
9,2,1,0,0,1,0,0,0,1,0,0,0,1,1
7,2,1,0,1,1,0,0,0,0,1,0,0,1,1
19,2,2,1,2,2,0,0,0,0,2,0,0,2,2
37,2,2,0,2,2,0,0,0,2,0,0,0,2,2
8,2,2,0,0,2,0,0,0,0,2,0,0,2,2
5,2,2,1,2,2,0,0,0,1,1,0,0,2,2
37,2,1,1,1,0,0,0,0,0,1,0,1,0,0
19,2,2,1,2,2,0,0,0,1,1,0,0,2,4
18,2,1,1,1,1,0,0,0,0,1,0,0,1,1
9,2,2,1,1,1,0,1,0,1,1,0,0,1,1
7,2,2,0,0,2,0,0,0,2,0,0,0,2,2
24,2,2,1,1,2,0,0,0,1,1,0,0,2,2
401,2,1,1,1,1,0,0,0,1,0,0,0,1,4
31,1,3,1,2,2,0,0,0,0,3,0,0,1,1
412,2,1,1,1,1,0,0,0,0,1,0,0,3,4
6,2,1,1,1,0,1,0,0,0,1,0,0,1,1
2,1,1,0,0,0,0,0,0,1,0,0,1,0,2
5,2,1,0,0,0,0,0,0,1,0,0,1,0,2
19,2,2,1,1,1,0,0,0,1,1,0,0,0,4
2,2,1,0,1,1,0,0,0,0,1,0,0,0,0
10,2,4,1,1,1,0,0,1,2,2,2,0,1,3
401,2,2,1,2,2,0,0,0,0,2,0,0,3,3
9,2,1,1,1,0,0,0,1,0,1,0,0,0,2
7,2,2,0,2,0,2,0,0,2,0,0,0,2,2
12,2,1,0,0,1,0,0,0,0,1,0,0,1,1
7,2,2,0,1,1,0,0,0,1,1,0,1,1,1
401,2,2,0,2,2,0,0,0,0,2,0,0,2,2
3,1,3,3,2,1,0,0,0,1,2,0,1,1,3
20,1,1,0,0,1,0,0,0,0,1,0,0,0,0
24,2,1,0,0,0,0,0,0,1,0,0,1,0,2
23,2,4,1,1,2,0,0,2,3,1,2,0,4,4
2,2,1,1,1,1,0,0,0,0,1,0,0,2,8
8,2,2,1,1,1,0,0,1,2,0,1,0,1,9
29,2,2,0,0,1,0,0,0,1,1,0,0,4,2
23,2,3,0,0,0,1,0,1,1,2,0,1,1,3
8,2,1,1,1,0,0,0,0,1,0,0,1,0,7
5,2,2,2,2,2,0,0,0,1,1,0,0,4,4
401,2,1,2,1,1,0,0,0,0,1,0,0,1,3
2,1,3,1,1,0,0,2,1,2,1,1,0,0,8
6,1,3,1,3,1,2,0,1,1,2,0,0,3,6
410,1,2,2,2,2,0,0,0,2,0,0,0,2,6
2,2,1,1,1,0,0,0,1,0,1,0,0,0,4
21,1,3,0,1,0,0,0,1,2,1,0,2,0,2
7,1,2,0,0,0,0,0,0,2,0,0,2,0,4
7,2,1,0,0,0,0,0,0,1,0,0,1,0,2
16,2,2,0,2,2,0,0,0,1,1,0,0,2,2
32,1,3,3,3,1,0,0,1,2,1,0,0,1,3
14,1,6,2,5,4,1,0,1,2,4,0,0,4,6
14,1,4,1,2,2,0,0,3,2,2,1,0,1,5
3,1,2,2,2,2,0,0,0,1,1,0,0,2,6
13,1,2,0,0,0,0,0,0,1,1,0,2,0,2
5,2,1,0,1,0,0,0,0,0,1,0,1,0,2
14,1,2,2,1,2,0,0,0,1,1,0,0,2,3
7,2,1,0,0,0,0,0,0,1,0,0,1,0,3
13,2,2,0,2,0,0,0,2,2,0,0,0,0,4
401,2,1,0,0,1,0,0,0,0,1,0,0,1,3
413,1,3,2,2,2,0,0,1,2,1,1,0,3,9
8,1,4,2,3,2,1,0,2,3,1,1,0,2,6
13,1,7,0,0,2,0,0,4,3,4,2,1,1,5
13,1,5,1,2,2,1,0,3,3,2,3,0,2,7
28,1,4,1,1,1,0,1,2,2,2,1,0,2,10
1,1,4,1,4,1,1,0,2,1,3,0,0,1,5
3,1,3,1,3,2,1,0,1,2,1,0,0,2,12
37,2,3,1,2,2,0,0,1,2,1,0,0,3,6
21,1,8,1,1,0,1,0,6,5,3,5,0,0,5
16,2,4,2,3,1,0,0,2,3,1,1,0,2,10
8,2,2,0,2,0,0,2,0,1,1,0,0,0,7
37,2,2,1,1,1,1,0,1,2,0,0,0,1,11
16,1,1,1,1,1,0,0,1,1,0,0,0,2,11
10,1,1,0,1,0,0,1,0,0,1,0,0,0,11
6,1,3,2,3,2,1,0,1,2,1,0,0,2,8
1,1,5,1,3,2,0,1,2,3,2,2,0,1,12
8,2,2,2,2,2,0,0,0,1,1,0,0,2,13
1,2,4,0,1,3,1,0,1,1,3,0,0,5,11
2,2,4,1,4,1,0,1,2,2,2,0,0,3,9
3,1,4,2,3,2,1,0,1,2,2,0,0,3,12
13,1,6,2,2,2,2,0,2,3,3,0,1,3,14
23,2,2,1,1,1,1,0,1,1,1,0,0,2,15
1,2,1,0,0,0,1,0,0,0,1,0,0,0,1
8,2,1,0,0,1,0,0,0,0,1,0,0,1,3
18,2,2,1,2,2,0,0,0,2,0,0,0,1,4
23,2,1,0,1,1,0,0,0,0,1,0,0,2,2
6,2,3,1,2,3,0,0,0,1,2,0,0,3,3
20,1,2,0,2,2,0,0,0,1,1,0,0,2,3
7,2,5,1,2,1,1,0,2,3,2,2,1,1,7
7,2,1,1,1,1,0,0,0,0,1,0,0,4,6
2,1,5,1,3,1,0,1,1,2,3,2,0,1,3
5,2,1,0,1,1,0,0,0,1,0,0,0,0,2
8,1,4,0,2,3,0,0,0,2,2,0,0,1,2
16,1,4,2,3,2,2,0,1,1,3,0,0,3,3
2,2,1,0,1,1,0,0,0,0,1,0,0,0,0
7,2,1,0,1,1,0,0,0,0,1,0,0,0,5
10,2,1,0,0,1,0,0,0,1,0,0,1,2,2
2,2,1,1,1,1,0,0,0,0,1,0,0,0,2
14,1,3,1,1,2,0,0,0,1,2,1,0,1,2
10,1,1,1,1,1,0,0,0,1,0,0,0,1,1
22,2,1,0,0,0,0,0,0,0,1,0,1,0,0
7,2,1,0,1,1,0,0,0,0,1,0,0,1,3
9,2,1,0,1,1,0,0,0,1,0,0,0,1,1
412,2,1,1,1,0,0,1,0,0,1,0,0,1,4
20,2,1,0,0,1,0,0,0,0,1,0,0,2,2
16,2,1,1,1,1,0,0,0,1,0,0,0,1,1
10,2,1,1,1,1,0,0,0,0,1,0,0,2,3
7,2,2,1,2,1,0,0,1,1,1,0,0,3,5
23,1,2,1,1,2,0,0,0,2,0,0,0,1,3
16,2,2,1,2,2,0,0,0,1,1,0,0,2,2
1,1,4,1,2,1,0,0,1,3,1,2,0,0,8
7,2,3,0,1,0,0,0,2,2,1,1,0,0,6
4,1,3,2,2,2,0,0,1,2,1,0,0,0,2
7,2,2,0,2,0,2,0,2,2,0,0,0,3,2
401,2,1,0,1,1,0,0,0,1,0,0,0,1,1
15,1,3,0,1,1,0,0,1,2,1,0,0,0,4
10,2,2,0,2,0,0,0,2,2,0,0,0,0,0
2,2,1,0,0,0,0,0,0,0,1,0,1,0,2
7,2,2,0,0,1,0,0,0,1,1,0,0,1,3
23,2,4,1,2,2,1,0,0,1,3,0,0,3,3
406,2,2,1,2,2,0,0,0,1,1,0,0,1,10
10,2,2,0,2,1,1,0,1,1,1,0,0,1,5
8,2,1,0,0,1,0,0,0,0,1,0,0,1,1
3,1,2,1,2,1,1,0,0,1,1,0,0,3,6
19,2,1,0,0,0,0,0,0,1,0,0,1,0,2
19,2,1,0,1,0,0,0,1,0,1,0,0,0,2
21,1,2,1,1,2,0,0,1,1,1,0,0,1,5
409,1,1,0,1,1,0,0,0,1,0,0,0,0,4
19,2,1,0,0,0,0,0,0,1,0,0,1,0,0
37,1,2,1,1,2,0,0,0,1,1,0,0,1,3
15,1,3,0,0,2,0,0,1,2,1,1,0,1,3
6,1,2,2,2,2,0,0,0,1,1,0,0,2,4
401,2,2,2,2,1,0,0,1,0,2,0,0,0,3
2,2,1,1,1,1,0,0,0,1,0,0,0,1,1
7,2,3,0,0,1,0,0,2,3,0,0,0,1,8
14,2,1,0,0,0,0,0,1,0,1,0,0,0,2
28,1,1,1,1,1,0,0,0,1,0,0,0,1,3
7,2,1,0,0,0,0,0,0,1,0,0,1,0,2
22,2,1,0,1,0,0,0,0,1,0,0,1,0,0
412,2,2,1,2,1,1,0,1,1,1,0,0,3,4
9,2,1,1,1,0,1,0,1,0,1,0,0,1,3
21,1,2,1,1,0,0,0,0,1,1,0,0,0,4
24,2,1,0,0,0,0,1,0,1,0,0,0,0,2
7,2,2,1,1,2,0,0,0,1,1,0,0,0,8
10,2,2,1,2,1,0,0,0,1,1,0,0,1,1
2,2,3,2,2,1,0,0,0,1,2,1,0,0,2
1,2,1,1,1,0,0,0,0,1,0,0,0,0,8
18,2,1,1,1,1,0,0,0,0,1,0,0,1,1
17,2,1,1,1,1,0,0,0,1,0,0,0,1,1
7,2,2,0,0,0,0,0,0,2,0,0,1,0,2
7,2,4,0,0,2,0,0,0,2,2,2,0,2,2
9,2,2,0,2,1,1,0,1,2,0,0,0,1,3
9,1,1,1,1,1,0,0,0,1,0,0,0,0,0
9,2,1,0,1,0,0,0,0,0,1,0,1,0,1
19,1,3,3,3,3,0,0,0,0,3,0,0,0,0
7,2,1,0,1,1,0,0,0,0,1,0,0,2,2
7,2,4,0,0,2,0,0,1,3,1,0,1,2,9
28,2,3,1,1,1,0,0,0,1,2,0,1,2,2
7,2,1,0,0,0,0,0,0,1,0,0,0,0,0
4,2,1,0,1,0,0,0,0,1,0,0,1,0,0
7,2,3,0,2,1,0,0,1,1,2,1,0,1,1
6,1,1,1,1,1,0,0,0,0,1,0,0,0,0
10,1,1,1,1,0,0,0,0,0,1,0,0,0,0
16,2,2,1,1,0,0,0,0,1,1,0,0,1,3
23,1,5,0,0,1,2,0,3,2,3,3,0,3,5
1,1,1,0,1,1,0,0,0,1,0,0,0,1,1
7,2,1,0,0,0,0,0,0,1,0,0,0,0,0
37,1,3,1,1,1,0,0,2,1,2,2,0,1,1
7,1,1,0,1,0,1,0,0,1,0,0,0,0,4
10,2,1,0,0,1,0,0,0,1,0,0,0,1,1
7,2,2,0,1,2,0,0,0,1,1,0,0,2,2
1,1,3,3,3,1,1,0,0,2,1,0,1,3,7
13,2,1,1,1,1,0,0,0,0,1,0,0,1,1
20,1,2,0,2,2,0,0,0,1,1,0,0,2,2
8,2,1,0,1,1,0,0,0,1,0,0,0,2,1
14,1,5,0,0,3,0,0,0,4,1,1,1,3,3
20,2,2,1,2,2,0,0,0,1,1,0,0,2,4
16,1,4,0,3,3,0,0,1,2,2,0,1,2,4
9,2,2,0,2,1,0,0,1,0,2,0,0,1,7
401,2,2,1,2,0,0,0,0,1,1,0,2,0,0
37,2,1,0,0,0,1,0,0,1,0,0,0,1,1
2,2,2,0,0,2,0,0,0,1,1,0,0,2,2
3,1,4,2,3,3,0,0,1,3,1,0,0,1,3
20,2,1,1,1,1,0,0,0,0,1,0,0,1,3
1,1,2,0,1,1,0,0,0,0,2,0,1,0,3
1,1,2,1,2,1,0,0,1,1,1,0,0,3,1
7,2,1,0,0,0,0,0,0,1,0,0,0,0,0
410,2,1,0,0,1,0,0,0,1,0,0,1,1,1
7,2,2,0,2,2,0,0,0,1,1,0,0,2,4
16,1,4,2,2,1,1,0,2,2,2,2,0,1,5
9,1,2,2,2,2,0,0,0,1,1,0,0,2,2
24,2,1,0,1,1,0,0,0,0,1,0,0,1,1
15,1,5,0,3,3,0,0,0,2,3,0,0,1,1
24,2,1,0,0,0,0,0,0,1,0,0,1,0,0
7,2,2,0,1,1,0,0,0,1,1,0,0,1,1
7,2,1,0,0,0,0,0,0,0,1,0,0,0,0
13,1,1,0,0,1,0,0,0,1,0,0,0,1,4
16,2,5,1,2,2,0,0,2,3,2,1,0,0,2
13,2,1,0,0,0,0,0,0,1,0,0,0,0,2
7,2,2,0,0,0,0,0,0,1,1,0,1,0,2
19,2,2,1,2,1,1,0,1,1,1,0,0,0,3
19,2,1,1,1,1,0,0,0,0,1,0,0,0,2
8,2,1,0,1,1,0,0,0,0,1,0,0,1,1
7,2,1,0,0,0,0,0,0,1,0,0,1,0,2
14,2,1,0,1,1,0,0,0,0,1,0,0,1,5
24,1,2,1,2,2,0,0,0,1,1,0,0,2,2
7,2,2,2,2,2,0,0,0,1,1,0,0,3,5
22,1,3,1,1,1,1,0,1,2,1,0,0,1,3
3,1,2,1,1,2,0,0,0,1,1,0,0,2,2
16,2,1,0,1,1,0,0,0,1,0,0,0,1,1
8,2,1,0,1,1,0,0,0,0,1,0,0,2,2
9,1,2,1,2,1,0,0,1,1,1,0,0,1,2
29,2,2,2,2,2,0,0,0,1,1,0,0,2,2
9,2,2,0,2,1,0,0,0,1,1,0,0,1,5
21,1,2,1,1,0,1,0,1,0,2,0,0,1,1
16,2,1,0,0,0,0,0,0,1,0,0,1,0,0
20,1,2,2,2,2,0,0,0,1,1,0,0,2,2
7,2,1,0,0,1,0,0,0,1,0,0,0,0,0
9,2,2,0,2,2,0,0,0,1,1,0,0,2,2
10,2,2,1,2,2,0,0,0,1,1,0,0,0,0
20,2,2,0,0,0,0,0,0,1,1,0,1,0,0
1,2,4,1,1,2,1,0,2,2,2,1,0,2,8
16,2,3,1,1,1,0,0,0,1,2,0,2,1,1
7,2,2,0,0,1,1,0,0,1,1,0,2,1,1
8,2,1,0,0,1,0,0,0,1,0,0,0,1,3
16,2,1,0,1,1,0,0,0,1,0,0,0,1,2
8,2,4,1,1,2,0,0,2,2,2,1,0,2,6
15,1,1,0,0,0,0,0,0,1,0,0,1,0,0
4,1,2,1,2,1,1,0,0,1,1,0,0,2,2
7,2,1,0,1,1,0,0,0,0,1,0,0,1,0
29,1,2,0,1,2,0,0,0,1,1,0,0,2,2
9,1,2,2,2,2,0,0,0,0,2,0,0,2,7
7,2,1,1,1,0,0,0,0,1,0,0,1,0,5
1,1,3,1,2,2,0,0,1,1,2,0,0,2,4
19,2,5,1,4,4,0,0,1,2,3,0,0,4,6
13,2,1,1,1,1,0,0,0,0,1,0,0,1,1
5,2,1,0,1,1,0,0,0,0,1,0,0,1,1
412,2,2,1,2,2,0,0,0,1,1,0,0,3,2
2,2,2,1,2,2,0,0,0,1,1,0,0,2,5
7,2,1,0,1,1,0,0,0,1,0,0,0,1,1
7,2,1,0,1,1,0,0,0,0,1,0,0,1,0
24,2,3,2,1,1,1,0,0,1,2,0,0,1,1
2,2,2,1,2,2,0,0,0,1,1,0,0,1,1
37,2,1,0,1,1,0,0,0,0,1,0,0,1,1
2,2,1,0,1,0,0,0,0,0,1,0,0,0,1
7,1,1,0,1,1,0,0,0,1,0,0,0,1,1
37,2,3,1,2,2,0,0,0,1,2,0,0,2,2
21,1,1,1,1,1,0,0,0,1,0,0,0,1,4
19,2,1,0,0,0,0,0,0,1,0,0,1,0,2
1,2,1,0,0,1,0,0,0,1,0,0,0,0,2
1,1,1,1,1,1,0,0,0,0,1,0,0,1,1
9,2,2,0,1,2,0,0,0,1,1,0,0,2,2
28,2,1,0,1,1,0,0,0,0,1,0,0,1,1
29,2,1,0,0,0,0,0,0,1,0,0,1,0,0
7,2,1,0,0,1,0,0,0,1,0,0,0,1,1
1,2,2,0,2,0,0,0,1,1,1,0,0,0,4
24,2,2,1,2,2,0,0,0,1,1,0,0,2,6
401,2,1,0,1,1,0,0,0,0,1,0,0,1,1
18,2,3,0,1,1,0,0,0,2,1,0,1,2,1
2,1,2,2,2,2,0,0,0,0,2,0,0,2,3
8,2,2,1,1,1,1,0,0,1,1,0,0,1,5
401,2,1,1,1,1,0,0,0,0,1,0,0,1,1
28,2,1,0,1,1,0,0,0,0,1,0,0,0,1
1,1,3,1,3,2,1,0,0,1,2,0,0,0,4
2,2,1,1,1,1,0,0,0,0,1,0,0,1,1
7,2,2,0,1,1,0,0,0,1,1,1,0,1,1
7,2,1,1,1,0,0,0,1,0,1,0,0,0,2
3,1,2,2,2,1,0,0,0,1,1,0,1,1,1
404,2,2,1,2,1,0,0,0,1,1,0,0,2,4
9,2,1,0,1,1,0,0,0,1,0,0,0,0,4
2,2,1,0,0,0,0,0,0,0,1,0,1,0,4
6,1,5,2,0,1,0,0,3,2,3,3,2,0,8
2,2,2,1,2,2,0,0,0,1,1,0,0,1,1
7,2,2,1,1,2,0,0,0,1,1,0,0,1,1
10,2,1,0,1,1,0,0,0,1,0,0,0,0,2
2,2,2,1,2,2,0,0,0,1,1,0,0,1,2
20,1,2,2,2,2,0,0,0,0,2,0,0,2,2
9,2,1,0,0,1,0,0,0,0,1,0,0,1,3
7,1,5,2,3,2,0,0,2,2,3,2,0,2,8
19,2,3,1,1,1,0,0,0,2,1,0,0,0,4
7,2,4,0,0,0,0,0,2,1,3,3,0,1,3
28,1,2,2,2,2,0,0,0,2,0,0,0,0,0
31,1,2,2,2,2,0,0,0,1,1,0,0,2,2
8,2,1,0,0,1,0,0,0,1,0,0,0,0,0
9,2,1,1,1,1,0,0,0,1,0,0,0,1,1
9,2,1,0,0,1,0,0,0,1,0,0,0,1,1
7,2,1,0,0,1,0,0,0,1,0,0,0,1,1
11,2,1,1,1,0,0,0,1,1,0,0,0,0,2
12,2,1,0,1,0,0,0,0,0,1,0,1,0,0
2,1,2,1,1,1,0,0,1,1,1,1,0,0,3
7,2,1,0,1,1,0,0,0,0,1,0,0,1,2
11,2,2,0,2,2,0,0,0,1,1,0,0,1,5
15,1,1,1,1,1,0,0,0,0,1,0,0,1,4
7,2,1,1,1,1,0,0,0,1,0,0,0,1,3
8,2,3,0,0,0,0,0,0,1,2,0,0,0,0
8,2,4,1,2,2,1,0,2,2,2,1,0,3,5
23,1,1,1,1,0,1,0,1,0,1,0,0,1,2
13,2,2,0,2,0,0,0,2,0,2,0,0,0,5
37,2,1,0,1,0,0,0,0,0,1,0,0,0,0
8,2,1,0,1,1,0,0,0,1,0,0,0,1,2
7,2,1,0,0,0,0,0,0,1,0,0,1,0,3
412,2,2,2,2,2,0,0,0,1,1,0,0,1,2
19,2,2,1,2,1,0,1,0,0,2,0,0,1,3
9,1,2,1,2,2,0,0,0,1,1,0,0,0,0
2,2,1,1,1,1,0,0,0,0,1,0,0,1,1
20,2,2,1,1,0,1,0,0,1,1,0,1,1,3
10,2,1,0,1,1,0,0,0,1,0,0,0,1,1
8,2,2,0,2,0,0,0,0,1,1,0,1,0,0
14,1,3,0,3,1,1,0,2,3,0,0,0,2,5
2,2,1,1,1,0,0,0,0,1,0,0,0,0,3
29,1,3,3,1,1,1,0,0,1,2,0,0,2,2
21,1,4,0,0,0,0,0,2,2,2,2,0,0,4
16,2,1,1,1,0,1,0,0,1,0,0,0,1,1
9,1,2,1,2,2,0,0,0,0,2,0,0,1,1
1,2,2,2,2,2,0,0,0,0,2,0,0,0,5
3,2,2,0,1,2,0,0,0,1,1,0,0,0,0
9,2,1,1,1,0,0,0,0,1,0,0,1,0,0
8,1,2,1,2,2,0,0,0,0,2,0,0,3,7
23,2,3,1,2,1,0,0,0,2,1,1,0,2,4
23,2,3,0,1,1,2,0,2,0,3,0,0,3,5
10,2,2,0,0,1,0,0,0,2,0,0,2,1,1
28,2,2,0,1,2,0,0,0,1,1,0,0,1,1
19,2,2,0,1,0,1,0,0,0,2,0,0,1,3
1,1,1,0,0,0,1,0,0,1,0,0,0,0,0
3,2,1,1,1,1,0,0,0,1,0,0,0,1,1
1,2,1,2,1,1,0,0,0,0,1,0,0,1,1
2,2,3,1,2,0,2,0,3,1,2,1,0,0,8
19,2,3,1,2,3,0,0,0,2,1,0,0,3,7
37,2,2,1,2,2,0,0,0,1,1,0,0,0,0
409,2,2,0,1,1,0,1,0,2,0,0,0,1,1
401,2,1,0,1,1,0,0,0,1,0,0,0,1,0
19,2,1,0,1,0,0,0,1,0,1,0,0,0,4
7,2,1,0,0,1,0,0,0,0,1,0,0,1,1
409,2,3,2,3,1,0,0,1,2,1,0,0,0,7
8,2,2,1,2,2,0,0,0,1,1,0,0,2,2
16,2,2,0,0,1,0,0,0,1,1,0,0,1,2
1,2,1,1,1,1,0,0,0,0,1,0,0,1,1
7,2,1,1,1,1,0,0,0,0,1,0,0,1,1
14,1,1,0,1,0,0,0,1,0,1,0,0,0,7
29,2,1,1,1,1,0,0,0,0,1,0,0,1,1
19,2,2,0,1,1,0,0,1,0,2,0,0,1,3
10,2,4,1,2,2,0,0,0,2,2,2,0,1,4
12,2,1,1,0,0,0,0,0,1,0,0,1,0,2
16,1,1,1,1,1,0,0,0,0,1,0,0,1,1
15,1,1,0,0,1,0,0,0,0,1,0,0,1,3
37,2,1,1,1,0,0,0,0,0,1,0,0,0,0
8,2,1,1,1,1,0,0,0,0,1,0,0,1,2
9,2,2,1,1,1,0,0,1,0,2,0,0,0,0
11,2,2,0,2,2,0,0,0,1,1,0,0,2,2
15,1,4,1,1,3,0,0,1,2,2,0,0,3,5
17,1,1,0,1,1,0,0,0,0,1,0,0,1,1
19,1,2,2,2,1,0,0,0,1,1,0,2,0,10
24,2,3,1,2,2,1,0,1,2,1,0,0,3,3
25,2,2,1,1,2,0,0,0,1,1,0,0,2,4
413,2,2,1,1,2,0,0,0,1,1,0,0,2,3
20,2,1,1,1,1,0,0,0,1,0,0,0,0,2
20,1,4,0,2,1,0,0,0,1,3,1,1,1,5
9,2,1,1,1,0,0,1,0,1,0,0,0,0,3
23,2,1,0,0,0,1,0,0,0,1,0,1,1,3
37,1,3,1,2,2,0,0,1,2,1,1,0,1,3
7,2,1,1,1,1,0,0,0,0,1,0,0,1,1
1,2,2,1,2,2,0,0,0,1,1,0,0,0,6
14,1,2,1,2,2,0,0,0,1,1,0,0,0,3
19,2,2,1,1,2,0,0,0,1,1,0,0,2,2
7,2,2,0,1,1,0,0,1,2,0,1,0,1,1
10,2,4,1,2,2,0,0,1,2,2,2,0,1,5
3,1,4,2,3,1,0,0,2,2,2,1,0,1,10
401,2,1,0,1,1,0,0,0,0,1,0,0,1,1
401,2,2,1,2,2,0,0,0,0,2,0,0,2,2
28,1,4,1,1,1,0,0,1,1,3,0,2,1,4
401,2,1,0,1,1,0,0,0,1,0,0,0,1,1
5,1,5,2,2,2,1,0,3,2,3,1,0,3,6
7,2,2,1,1,1,0,0,0,2,0,0,1,1,1
12,2,1,0,0,0,0,0,0,1,0,0,1,0,0
12,2,1,0,1,0,1,0,1,0,1,0,0,3,6
12,2,1,0,1,0,0,0,1,0,1,0,0,0,7
7,2,2,0,2,0,1,0,2,1,1,0,0,0,6
5,2,1,1,1,1,0,0,0,0,1,0,0,1,1
4,2,1,1,0,1,0,0,0,1,0,0,0,1,1
9,2,1,1,1,1,0,0,0,1,0,0,0,1,1
14,1,4,3,3,4,0,0,0,1,3,0,0,2,7
3,1,1,1,1,0,1,0,0,0,1,0,0,1,1
11,2,2,1,2,1,0,0,1,1,1,0,0,1,1
16,1,1,0,1,0,1,0,0,1,0,0,0,1,1
1,2,2,1,2,2,0,0,0,2,0,0,0,1,4
13,1,3,1,1,1,0,1,1,1,2,1,0,1,6
7,2,1,0,0,1,0,0,0,1,0,0,0,1,1
7,2,1,0,1,1,0,0,0,0,1,0,0,1,2
14,2,1,1,1,0,0,0,1,0,1,0,0,0,2
9,1,1,0,0,1,0,0,0,0,1,0,0,1,1
2,2,2,1,2,2,0,0,0,1,1,0,0,2,8
3,1,3,2,2,2,1,0,1,1,2,0,0,3,6
24,2,2,0,1,2,0,0,0,0,2,0,0,1,8
16,2,3,1,2,2,0,0,0,2,1,1,0,1,3
7,2,1,0,1,0,0,0,0,0,1,0,0,0,0
19,2,1,0,1,0,0,0,0,0,1,0,1,0,0
1,2,1,0,1,0,0,0,0,0,1,0,1,0,2
37,2,1,0,0,0,0,0,0,1,0,0,1,0,0
21,2,3,0,2,1,0,0,0,2,1,1,0,0,0
14,1,3,1,2,1,0,0,1,1,2,0,0,1,7
25,2,2,1,1,0,1,0,1,0,2,0,0,0,4
410,1,2,0,1,2,0,0,0,1,1,0,0,2,1
18,2,2,1,2,2,0,0,0,0,2,0,0,1,3
8,2,2,0,0,2,0,0,0,1,1,0,0,2,2
24,2,2,0,1,2,0,0,0,0,2,0,0,1,6
7,2,4,0,1,2,0,0,2,1,3,0,0,2,6
14,1,1,0,1,0,1,0,1,1,0,0,0,0,1
37,2,2,0,2,2,0,0,0,1,1,0,0,1,2
18,2,1,0,0,0,0,0,1,1,0,0,0,0,2
2,2,2,0,0,0,0,0,0,1,1,0,1,0,4
7,2,3,0,0,0,0,0,3,0,3,0,0,0,4
2,2,1,0,1,0,1,0,0,1,0,0,0,1,2
401,2,3,0,1,0,0,0,1,2,1,0,0,0,0
16,1,2,1,2,1,0,0,1,1,1,0,0,1,3
12,1,1,0,1,0,0,0,1,1,0,0,0,0,1
9,2,1,2,1,1,0,0,0,0,1,0,0,0,0
19,2,2,1,2,1,0,0,0,1,1,0,0,1,6
37,2,2,2,2,2,0,0,0,0,2,0,0,0,1
2,1,3,2,2,0,1,1,0,1,2,1,0,0,8
36,2,4,1,1,1,0,0,1,2,2,1,1,1,3
1,1,3,0,1,0,1,1,2,1,2,0,0,0,2
1,2,1,0,1,0,1,0,0,0,1,0,0,0,0
16,1,1,1,1,1,0,0,0,0,1,0,0,1,0
29,1,3,1,1,1,0,0,1,2,1,1,0,1,3
23,1,5,0,1,0,1,1,4,3,2,2,0,1,8